frame,time_s,dot_count,spread,intensity,label
0,0.0,1,0.0,0.8593,OFF_171223
6,0.2,1,0.0,0.8523,OFF_171223
12,0.4,1,0.0,0.8581,OFF_171223
18,0.6,1,0.0,0.8579,OFF_171223
24,0.8,1,0.0,0.8529,OFF_171223
30,1.0,1,0.0,0.8587,OFF_171223
36,1.2,1,0.0,0.8444,OFF_171223
42,1.4,1,0.0,0.8569,OFF_171223
48,1.6,1,0.0,0.8472,OFF_171223
54,1.81,1,0.0,0.8517,OFF_171223
60,2.01,1,0.0,0.8483,OFF_171223
66,2.21,1,0.0,0.8485,OFF_171223
72,2.41,1,0.0,0.8417,OFF_171223
78,2.61,1,0.0,0.847,OFF_171223
84,2.81,1,0.0,0.8536,OFF_171223
90,3.01,1,0.0,0.8438,OFF_171223
96,3.21,1,0.0,0.8431,OFF_171223
102,3.41,1,0.0,0.8468,OFF_171223
108,3.61,1,0.0,0.8469,OFF_171223
114,3.81,1,0.0,0.8422,OFF_171223
120,4.01,1,0.0,0.8518,OFF_171223
126,4.21,1,0.0,0.8503,OFF_171223
132,4.41,1,0.0,0.8513,OFF_171223
138,4.61,1,0.0,0.8488,OFF_171223
144,4.81,1,0.0,0.8515,OFF_171223
150,5.01,1,0.0,0.8406,OFF_171223
156,5.21,1,0.0,0.8402,OFF_171223
162,5.42,1,0.0,0.8372,OFF_171223
168,5.62,1,0.0,0.8409,OFF_171223
174,5.82,1,0.0,0.8496,OFF_171223
180,6.02,1,0.0,0.8562,OFF_171223
186,6.22,1,0.0,0.8569,OFF_171223
192,6.42,1,0.0,0.8569,OFF_171223
198,6.62,1,0.0,0.8585,OFF_171223
204,6.82,1,0.0,0.8619,OFF_171223
210,7.02,1,0.0,0.8522,OFF_171223
216,7.22,1,0.0,0.8578,OFF_171223
222,7.42,1,0.0,0.8589,OFF_171223
228,7.62,1,0.0,0.8487,OFF_171223
234,7.82,1,0.0,0.8512,OFF_171223
240,8.02,1,0.0,0.8421,OFF_171223
246,8.22,1,0.0,0.8497,OFF_171223
252,8.42,1,0.0,0.8507,OFF_171223
258,8.62,1,0.0,0.8483,OFF_171223
264,8.82,1,0.0,0.8483,OFF_171223
270,9.03,1,0.0,0.8497,OFF_171223
276,9.23,1,0.0,0.8495,OFF_171223
282,9.43,1,0.0,0.8478,OFF_171223
288,9.63,1,0.0,0.8456,OFF_171223
294,9.83,1,0.0,0.8454,OFF_171223
300,10.03,1,0.0,0.8528,OFF_171223
306,10.23,1,0.0,0.8486,OFF_171223
312,10.43,1,0.0,0.8501,OFF_171223
318,10.63,1,0.0,0.8509,OFF_171223
324,10.83,1,0.0,0.8464,OFF_171223
330,11.03,1,0.0,0.8498,OFF_171223
336,11.23,1,0.0,0.8525,OFF_171223
342,11.43,1,0.0,0.8461,OFF_171223
348,11.63,1,0.0,0.8573,OFF_171223
354,11.83,1,0.0,0.8541,OFF_171223
360,12.03,1,0.0,0.8559,OFF_171223
366,12.23,1,0.0,0.8558,OFF_171223
372,12.43,1,0.0,0.8543,OFF_171223
378,12.64,1,0.0,0.8544,OFF_171223
384,12.84,1,0.0,0.8545,OFF_171223
390,13.04,1,0.0,0.8573,OFF_171223
396,13.24,1,0.0,0.8567,OFF_171223
402,13.44,1,0.0,0.8533,OFF_171223
408,13.64,1,0.0,0.8499,OFF_171223
414,13.84,1,0.0,0.8458,OFF_171223
420,14.04,1,0.0,0.8573,OFF_171223
426,14.24,1,0.0,0.848,OFF_171223
432,14.44,1,0.0,0.8481,OFF_171223
438,14.64,1,0.0,0.8503,OFF_171223
444,14.84,1,0.0,0.8468,OFF_171223
450,15.04,1,0.0,0.8476,OFF_171223
456,15.24,1,0.0,0.8471,OFF_171223
462,15.44,1,0.0,0.8479,OFF_171223
468,15.64,1,0.0,0.8511,OFF_171223
474,15.84,1,0.0,0.8572,OFF_171223
480,16.04,1,0.0,0.8594,OFF_171223
486,16.25,3,285.6,0.7656,OFF_171223
492,16.45,3,303.8,0.7641,OFF_171223
498,16.65,2,329.6,0.7594,OFF_171223
504,16.85,2,333.2,0.7551,OFF_171223
510,17.05,1,0.0,0.8554,OFF_171223
516,17.25,3,108.1,0.7469,OFF_171223
522,17.45,3,87.7,0.7969,OFF_171223
528,17.65,1,0.0,0.8447,OFF_171223
534,17.85,2,276.0,0.7433,OFF_171223
540,18.05,3,311.0,0.7623,OFF_171223
546,18.25,2,290.4,0.757,OFF_171223
552,18.45,4,268.7,0.7558,OFF_171223
558,18.65,3,279.4,0.7517,OFF_171223
564,18.85,3,288.0,0.7501,OFF_171223
570,19.05,2,303.9,0.751,OFF_171223
576,19.25,3,281.2,0.7551,OFF_171223
582,19.45,3,281.4,0.7588,OFF_171223
588,19.65,6,296.7,0.7612,OFF_171223
594,19.86,5,232.8,0.7608,OFF_171223
600,20.06,3,280.5,0.7601,OFF_171223
606,20.26,3,285.6,0.765,OFF_171223
612,20.46,3,286.2,0.7653,OFF_171223
618,20.66,3,285.3,0.765,OFF_171223
624,20.86,2,321.9,0.7556,OFF_171223
630,21.06,7,268.1,0.7825,OFF_171223
636,21.26,8,255.8,0.779,OFF_171223
642,21.46,7,269.0,0.779,OFF_171223
648,21.66,8,256.1,0.7672,OFF_171223
654,21.86,8,256.3,0.7774,OFF_171223
660,22.06,5,304.3,0.7869,OFF_171223
666,22.26,5,303.9,0.7873,OFF_171223
672,22.46,5,303.9,0.7871,OFF_171223
678,22.66,5,304.3,0.7744,OFF_171223
684,22.86,5,304.2,0.7858,OFF_171223
690,23.06,5,304.2,0.7865,OFF_171223
696,23.26,4,330.0,0.7853,OFF_171223
702,23.47,4,330.0,0.7856,OFF_171223
708,23.67,6,396.7,0.7771,OFF_171223
714,23.87,4,330.3,0.7773,OFF_171223
720,24.07,5,393.9,0.7713,OFF_171223
726,24.27,7,420.6,0.7687,OFF_171223
732,24.47,6,410.1,0.775,OFF_171223
738,24.67,6,408.2,0.7772,OFF_171223
744,24.87,7,405.2,0.7801,OFF_171223
750,25.07,5,304.2,0.7837,OFF_171223
756,25.27,6,282.4,0.7894,OFF_171223
762,25.47,5,304.3,0.7908,OFF_171223
768,25.67,6,282.6,0.7921,OFF_171223
774,25.87,5,304.2,0.7941,OFF_171223
780,26.07,8,390.1,0.7746,OFF_171223
786,26.27,8,410.4,0.7707,OFF_171223
792,26.47,5,299.6,0.7791,OFF_171223
798,26.67,6,368.9,0.7794,OFF_171223
804,26.87,9,406.4,0.7789,OFF_171223
810,27.08,8,390.1,0.7818,OFF_171223
816,27.28,8,392.9,0.782,OFF_171223
822,27.48,6,282.1,0.7888,OFF_171223
828,27.68,6,281.7,0.7778,OFF_171223
834,27.88,6,282.0,0.7905,OFF_171223
840,28.08,5,303.9,0.7898,OFF_171223
846,28.28,5,303.9,0.791,OFF_171223
852,28.48,5,303.9,0.7909,OFF_171223
858,28.68,10,411.4,0.7722,OFF_171223
864,28.88,4,55.9,0.7755,OFF_171223
870,29.08,6,374.2,0.7802,OFF_171223
876,29.28,8,414.1,0.7737,OFF_171223
882,29.48,7,400.9,0.7773,OFF_171223
888,29.68,7,401.8,0.7774,OFF_171223
894,29.88,5,303.8,0.785,OFF_171223
900,30.08,4,56.0,0.7753,OFF_171223
906,30.28,5,303.6,0.7888,OFF_171223
912,30.48,5,303.5,0.7887,OFF_171223
918,30.69,5,303.5,0.7889,OFF_171223
924,30.89,5,303.6,0.7882,OFF_171223
930,31.09,8,410.7,0.7716,OFF_171223
936,31.29,6,381.0,0.7736,OFF_171223
942,31.49,6,374.3,0.7814,OFF_171223
948,31.69,8,416.5,0.77,OFF_171223
954,31.89,7,401.4,0.7768,OFF_171223
960,32.09,7,401.3,0.7758,OFF_171223
966,32.29,6,371.8,0.782,OFF_171223
972,32.49,4,55.5,0.7744,OFF_171223
978,32.69,5,303.7,0.789,OFF_171223
984,32.89,5,303.7,0.7897,OFF_171223
990,33.09,5,303.8,0.7912,OFF_171223
996,33.29,5,303.9,0.7915,OFF_171223
1002,33.49,8,400.5,0.7718,OFF_171223
1008,33.69,8,422.2,0.7702,OFF_171223
1014,33.89,5,303.5,0.7862,OFF_171223
1020,34.09,9,411.9,0.7705,OFF_171223
1026,34.3,7,402.7,0.7803,OFF_171223
1032,34.5,7,400.8,0.7832,OFF_171223
1038,34.7,5,382.9,0.7878,OFF_171223
1044,34.9,5,304.4,0.786,OFF_171223
1050,35.1,4,324.3,0.7942,OFF_171223
1056,35.3,5,303.9,0.794,OFF_171223
1062,35.5,5,303.9,0.7936,OFF_171223
1068,35.7,5,304.0,0.7943,OFF_171223
1074,35.9,8,400.3,0.775,OFF_171223
1080,36.1,5,393.6,0.7767,OFF_171223
1086,36.3,5,303.9,0.7869,OFF_171223
1092,36.5,7,413.5,0.7738,OFF_171223
1098,36.7,7,402.7,0.7813,OFF_171223
1104,36.9,7,400.7,0.7812,OFF_171223
1110,37.1,5,304.0,0.7867,OFF_171223
1116,37.3,5,305.0,0.7786,OFF_171223
1122,37.5,4,324.5,0.7911,OFF_171223
1128,37.7,5,304.2,0.7912,OFF_171223
1134,37.91,5,304.3,0.7919,OFF_171223
1140,38.11,5,304.3,0.7923,OFF_171223
1146,38.31,8,410.2,0.7763,OFF_171223
1152,38.51,5,393.0,0.7759,OFF_171223
1158,38.71,4,324.4,0.7849,OFF_171223
1164,38.91,7,413.3,0.7737,OFF_171223
1170,39.11,7,402.1,0.7793,OFF_171223
1176,39.31,6,402.3,0.7807,OFF_171223
1182,39.51,4,324.6,0.7887,OFF_171223
1188,39.71,4,56.3,0.7802,OFF_171223
1194,39.91,5,304.2,0.7917,OFF_171223
1200,40.11,5,304.3,0.7904,OFF_171223
1206,40.31,5,304.3,0.7914,OFF_171223
1212,40.51,5,304.2,0.7912,OFF_171223
1218,40.71,8,411.1,0.7728,OFF_171223
1224,40.91,6,381.6,0.7757,OFF_171223
1230,41.11,5,385.0,0.7841,OFF_171223
1236,41.31,8,416.4,0.7729,OFF_171223
1242,41.52,7,401.7,0.7804,OFF_171223
1248,41.72,7,401.7,0.7818,OFF_171223
1254,41.92,5,304.2,0.7898,OFF_171223
1260,42.12,4,56.3,0.7788,OFF_171223
1266,42.32,5,304.3,0.7936,OFF_171223
1272,42.52,4,324.2,0.7956,OFF_171223
1278,42.72,4,323.9,0.8003,OFF_171223
1284,42.92,4,323.5,0.8035,OFF_171223
1290,43.12,7,375.3,0.7842,OFF_171223
1296,43.32,4,406.1,0.7927,OFF_171223
1302,43.52,3,386.6,0.791,OFF_171223
1308,43.72,5,349.1,0.7901,OFF_171223
1314,43.92,4,364.2,0.796,OFF_171223
1320,44.12,4,366.4,0.798,OFF_171223
1326,44.32,2,387.2,0.8089,OFF_171223
1332,44.52,2,386.9,0.798,OFF_171223
1338,44.72,2,386.9,0.8114,OFF_171223
1344,44.92,2,387.1,0.811,OFF_171223
1350,45.13,2,386.6,0.8095,OFF_171223
1356,45.33,4,351.6,0.7934,OFF_171223
1362,45.53,5,350.8,0.7812,OFF_171223
1368,45.73,2,387.8,0.7966,OFF_171223
1374,45.93,3,385.0,0.7941,OFF_171223
1380,46.13,5,346.9,0.7883,OFF_171223
1386,46.33,4,363.5,0.7938,OFF_171223
1392,46.53,3,383.4,0.8026,OFF_171223
0,0.0,4,394.6,0.8143,OFF_171332
6,0.2,5,387.1,0.8142,OFF_171332
12,0.4,5,387.0,0.8156,OFF_171332
18,0.6,5,387.1,0.8154,OFF_171332
24,0.8,5,387.3,0.8179,OFF_171332
30,1.0,5,387.1,0.818,OFF_171332
36,1.2,5,387.3,0.819,OFF_171332
42,1.4,5,387.5,0.818,OFF_171332
48,1.6,6,374.3,0.8162,OFF_171332
54,1.81,6,374.3,0.816,OFF_171332
60,2.01,6,374.3,0.8125,OFF_171332
66,2.21,5,387.1,0.8111,OFF_171332
72,2.41,6,372.4,0.8111,OFF_171332
78,2.61,7,406.8,0.8129,OFF_171332
84,2.81,6,372.5,0.8151,OFF_171332
90,3.01,6,373.9,0.8146,OFF_171332
96,3.21,4,397.8,0.8121,OFF_171332
102,3.41,4,327.1,0.819,OFF_171332
108,3.61,3,355.7,0.8154,OFF_171332
114,3.81,3,356.2,0.8227,OFF_171332
120,4.01,3,356.8,0.8217,OFF_171332
126,4.21,3,357.1,0.8217,OFF_171332
132,4.41,7,398.0,0.8062,OFF_171332
138,4.61,6,395.8,0.8091,OFF_171332
144,4.81,5,305.7,0.8236,OFF_171332
150,5.01,6,406.0,0.8183,OFF_171332
156,5.21,8,403.7,0.8157,OFF_171332
162,5.42,7,403.3,0.8188,OFF_171332
168,5.62,6,413.6,0.8209,OFF_171332
174,5.82,5,305.7,0.8258,OFF_171332
180,6.02,4,39.0,0.8231,OFF_171332
186,6.22,4,332.0,0.8253,OFF_171332
192,6.42,3,360.9,0.8251,OFF_171332
198,6.62,4,328.7,0.8252,OFF_171332
204,6.82,4,328.8,0.8252,OFF_171332
210,7.02,7,415.0,0.8084,OFF_171332
216,7.22,4,333.0,0.8204,OFF_171332
222,7.42,5,392.6,0.8172,OFF_171332
228,7.62,8,417.1,0.8102,OFF_171332
234,7.82,6,411.9,0.8174,OFF_171332
240,8.02,4,332.1,0.8217,OFF_171332
246,8.22,4,332.0,0.8172,OFF_171332
252,8.42,3,20.4,0.818,OFF_171332
258,8.62,5,305.6,0.8235,OFF_171332
264,8.82,5,305.6,0.8228,OFF_171332
270,9.03,3,356.5,0.8212,OFF_171332
276,9.23,4,329.0,0.8223,OFF_171332
282,9.43,4,328.2,0.8181,OFF_171332
288,9.63,8,413.1,0.802,OFF_171332
294,9.83,4,329.0,0.8266,OFF_171332
300,10.03,6,391.6,0.8202,OFF_171332
306,10.23,7,405.5,0.8157,OFF_171332
312,10.43,5,305.6,0.8173,OFF_171332
318,10.63,5,305.4,0.8168,OFF_171332
324,10.83,7,401.2,0.8126,OFF_171332
330,11.03,6,286.5,0.8191,OFF_171332
336,11.23,4,330.7,0.818,OFF_171332
342,11.43,4,330.8,0.8185,OFF_171332
348,11.63,5,305.7,0.8183,OFF_171332
354,11.83,4,331.3,0.8156,OFF_171332
360,12.03,8,417.2,0.8049,OFF_171332
366,12.23,3,360.8,0.8165,OFF_171332
372,12.43,6,424.7,0.8132,OFF_171332
378,12.64,5,398.7,0.8149,OFF_171332
384,12.84,5,305.5,0.816,OFF_171332
390,13.04,4,38.8,0.8161,OFF_171332
396,13.24,8,415.4,0.8033,OFF_171332
402,13.44,5,305.7,0.8186,OFF_171332
408,13.64,5,305.6,0.8185,OFF_171332
414,13.84,5,305.7,0.8181,OFF_171332
420,14.04,5,305.9,0.8196,OFF_171332
426,14.24,5,305.9,0.8189,OFF_171332
432,14.44,5,306.4,0.8156,OFF_171332
438,14.64,9,432.7,0.8066,OFF_171332
444,14.84,5,305.6,0.8193,OFF_171332
450,15.04,3,356.3,0.8165,OFF_171332
456,15.24,5,305.5,0.816,OFF_171332
462,15.44,4,38.7,0.8182,OFF_171332
468,15.64,8,411.9,0.8032,OFF_171332
474,15.84,5,305.4,0.8211,OFF_171332
480,16.04,5,305.4,0.8201,OFF_171332
486,16.25,4,329.0,0.8193,OFF_171332
492,16.45,5,305.4,0.8194,OFF_171332
498,16.65,4,332.1,0.8202,OFF_171332
504,16.85,6,399.8,0.8111,OFF_171332
510,17.05,3,20.9,0.8176,OFF_171332
516,17.25,5,305.3,0.8167,OFF_171332
522,17.45,5,305.2,0.8167,OFF_171332
528,17.65,5,305.4,0.8181,OFF_171332
534,17.85,4,38.9,0.8192,OFF_171332
540,18.05,7,412.2,0.8102,OFF_171332
546,18.25,5,305.6,0.821,OFF_171332
552,18.45,5,305.6,0.8196,OFF_171332
558,18.65,5,305.6,0.8187,OFF_171332
564,18.85,5,305.9,0.8192,OFF_171332
570,19.05,5,305.5,0.8181,OFF_171332
576,19.25,9,408.8,0.8058,OFF_171332
582,19.45,4,39.0,0.8191,OFF_171332
588,19.65,5,305.1,0.8188,OFF_171332
594,19.86,5,305.2,0.8184,OFF_171332
600,20.06,4,38.9,0.8195,OFF_171332
606,20.26,4,38.9,0.8193,OFF_171332
612,20.46,5,305.3,0.8176,OFF_171332
618,20.66,5,305.4,0.8172,OFF_171332
624,20.86,4,331.9,0.818,OFF_171332
630,21.06,3,356.4,0.8182,OFF_171332
636,21.26,5,305.5,0.8182,OFF_171332
642,21.46,5,305.4,0.8189,OFF_171332
648,21.66,6,396.9,0.8129,OFF_171332
654,21.86,4,387.9,0.8143,OFF_171332
660,22.06,3,355.3,0.8153,OFF_171332
666,22.26,3,355.1,0.8139,OFF_171332
672,22.46,1,0.0,0.816,OFF_171332
678,22.66,1,0.0,0.8177,OFF_171332
684,22.86,3,360.4,0.8183,OFF_171332
690,23.06,3,360.5,0.8181,OFF_171332
696,23.26,3,360.5,0.8183,OFF_171332
702,23.47,3,360.7,0.8196,OFF_171332
708,23.67,3,360.6,0.8198,OFF_171332
714,23.87,2,23.6,0.8188,OFF_171332
720,24.07,6,390.8,0.8129,OFF_171332
726,24.27,6,396.9,0.8082,OFF_171332
732,24.47,5,421.3,0.81,OFF_171332
738,24.67,3,54.4,0.8166,OFF_171332
744,24.87,5,300.8,0.8132,OFF_171332
750,25.07,5,305.5,0.8129,OFF_171332
756,25.27,5,302.2,0.8155,OFF_171332
762,25.47,4,323.6,0.8116,OFF_171332
768,25.67,4,321.2,0.8126,OFF_171332
774,25.87,4,320.8,0.8106,OFF_171332
780,26.07,4,321.0,0.8094,OFF_171332
786,26.27,4,321.4,0.808,OFF_171332
792,26.47,5,297.0,0.8063,OFF_171332
798,26.67,4,321.5,0.8058,OFF_171332
804,26.87,3,47.0,0.8086,OFF_171332
810,27.08,2,44.9,0.808,OFF_171332
816,27.28,2,44.9,0.8061,OFF_171332
822,27.48,3,38.5,0.8066,OFF_171332
828,27.68,3,38.4,0.8078,OFF_171332
834,27.88,3,38.4,0.8073,OFF_171332
840,28.08,3,38.6,0.8068,OFF_171332
846,28.28,3,47.2,0.8053,OFF_171332
852,28.48,2,45.3,0.8043,OFF_171332
858,28.68,3,47.3,0.8054,OFF_171332
864,28.88,2,45.2,0.8044,OFF_171332
870,29.08,2,45.0,0.8049,OFF_171332
876,29.28,3,47.2,0.8044,OFF_171332
882,29.48,3,47.1,0.8056,OFF_171332
888,29.68,4,43.4,0.8065,OFF_171332
894,29.88,4,43.3,0.8068,OFF_171332
900,30.08,3,47.2,0.8073,OFF_171332
906,30.28,3,38.5,0.8066,OFF_171332
912,30.48,4,43.4,0.8067,OFF_171332
918,30.69,3,38.6,0.8065,OFF_171332
924,30.89,3,47.3,0.8064,OFF_171332
930,31.09,4,64.9,0.8067,OFF_171332
936,31.29,3,58.9,0.8067,OFF_171332
942,31.49,3,58.9,0.8067,OFF_171332
948,31.69,4,52.6,0.8068,OFF_171332
954,31.89,4,52.6,0.8067,OFF_171332
960,32.09,4,52.4,0.8063,OFF_171332
966,32.29,4,52.9,0.8068,OFF_171332
972,32.49,4,52.9,0.8056,OFF_171332
978,32.69,4,52.9,0.8059,OFF_171332
984,32.89,5,58.3,0.8079,OFF_171332
990,33.09,4,65.1,0.8081,OFF_171332
996,33.29,5,303.0,0.8079,OFF_171332
1002,33.49,5,303.1,0.8067,OFF_171332
1008,33.69,9,410.8,0.8021,OFF_171332
1014,33.89,5,302.8,0.8118,OFF_171332
1020,34.09,7,266.5,0.8141,OFF_171332
1026,34.3,7,266.5,0.8145,OFF_171332
1032,34.5,7,266.5,0.8152,OFF_171332
1038,34.7,6,284.5,0.8149,OFF_171332
1044,34.9,7,266.5,0.8158,OFF_171332
1050,35.1,7,266.5,0.8155,OFF_171332
1056,35.3,7,266.8,0.815,OFF_171332
1062,35.5,7,266.8,0.8153,OFF_171332
1068,35.7,6,280.6,0.8146,OFF_171332
1074,35.9,6,280.7,0.8142,OFF_171332
1080,36.1,7,266.4,0.8137,OFF_171332
1086,36.3,6,281.4,0.8134,OFF_171332
1092,36.5,5,302.1,0.8124,OFF_171332
1098,36.7,7,266.5,0.8137,OFF_171332
1104,36.9,7,266.6,0.8128,OFF_171332
1110,37.1,5,302.7,0.8099,OFF_171332
1116,37.3,6,281.6,0.8107,OFF_171332
1122,37.5,6,281.6,0.8118,OFF_171332
1128,37.7,6,281.6,0.812,OFF_171332
1134,37.91,5,303.0,0.8123,OFF_171332
1140,38.11,5,302.9,0.8117,OFF_171332
1146,38.31,5,302.8,0.8116,OFF_171332
1152,38.51,5,302.8,0.8114,OFF_171332
1158,38.71,6,281.6,0.8121,OFF_171332
1164,38.91,6,281.6,0.812,OFF_171332
1170,39.11,6,281.7,0.8114,OFF_171332
1176,39.31,6,281.5,0.8101,OFF_171332
1182,39.51,6,281.7,0.8114,OFF_171332
1188,39.71,6,281.8,0.8113,OFF_171332
1194,39.91,7,266.5,0.8125,OFF_171332
1200,40.11,7,267.2,0.8096,OFF_171332
1206,40.31,6,282.2,0.8132,OFF_171332
1212,40.51,6,282.3,0.8118,OFF_171332
1218,40.71,5,298.0,0.8106,OFF_171332
1224,40.91,5,298.0,0.8109,OFF_171332
1230,41.11,6,282.5,0.8114,OFF_171332
1236,41.31,7,267.3,0.8126,OFF_171332
1242,41.52,5,297.7,0.8064,OFF_171332
1248,41.72,6,275.3,0.7898,OFF_171332
1254,41.92,5,294.6,0.7965,OFF_171332
1260,42.12,4,315.9,0.8124,OFF_171332
1266,42.32,4,314.7,0.8012,OFF_171332
1272,42.52,4,314.3,0.8016,OFF_171332
1278,42.72,3,343.7,0.8034,OFF_171332
1284,42.92,3,342.6,0.7958,OFF_171332
1290,43.12,4,318.2,0.8202,OFF_171332
0,0.0,10,359.2,0.8341,OFF_171702
7,0.23,12,338.7,0.8355,OFF_171702
14,0.47,12,338.4,0.8364,OFF_171702
21,0.7,11,347.5,0.8377,OFF_171702
28,0.93,13,329.5,0.8381,OFF_171702
35,1.17,11,348.0,0.8391,OFF_171702
42,1.4,11,347.9,0.8394,OFF_171702
49,1.63,11,348.1,0.8387,OFF_171702
56,1.87,11,349.6,0.8397,OFF_171702
63,2.1,13,329.6,0.8398,OFF_171702
70,2.33,10,359.5,0.84,OFF_171702
77,2.57,9,370.9,0.8403,OFF_171702
84,2.8,10,359.5,0.8404,OFF_171702
91,3.03,11,348.8,0.8401,OFF_171702
98,3.27,13,330.5,0.8409,OFF_171702
105,3.5,10,357.5,0.8408,OFF_171702
112,3.73,12,338.4,0.8403,OFF_171702
119,3.97,12,338.1,0.8405,OFF_171702
126,4.2,12,401.0,0.8415,OFF_171702
133,4.43,11,378.6,0.8423,OFF_171702
140,4.67,12,400.6,0.8416,OFF_171702
147,4.9,10,309.3,0.8429,OFF_171702
154,5.13,8,267.6,0.8439,OFF_171702
161,5.37,9,257.5,0.8444,OFF_171702
168,5.6,9,257.5,0.8418,OFF_171702
175,5.83,12,245.8,0.7883,OFF_171702
182,6.07,9,329.1,0.7614,OFF_171702
189,6.3,10,207.8,0.7548,OFF_171702
196,6.53,13,197.8,0.76,OFF_171702
203,6.77,9,176.1,0.7749,OFF_171702
210,7.0,12,191.9,0.8056,OFF_171702
217,7.23,11,173.3,0.8118,OFF_171702
224,7.47,10,204.5,0.8313,OFF_171702
231,7.7,9,231.0,0.8325,OFF_171702
238,7.93,10,225.0,0.8321,OFF_171702
245,8.17,7,212.2,0.8324,OFF_171702
252,8.4,8,210.5,0.8327,OFF_171702
259,8.63,8,249.7,0.8335,OFF_171702
266,8.87,8,252.2,0.834,OFF_171702
273,9.1,12,268.4,0.8307,OFF_171702
280,9.33,13,263.9,0.8291,OFF_171702
287,9.57,12,250.1,0.8292,OFF_171702
294,9.8,16,197.0,0.7996,OFF_171702
301,10.03,12,367.9,0.8241,OFF_171702
308,10.27,11,350.1,0.8331,OFF_171702
315,10.5,12,379.0,0.8336,OFF_171702
322,10.73,13,369.4,0.8359,OFF_171702
329,10.97,12,381.2,0.8377,OFF_171702
336,11.2,9,280.6,0.8405,OFF_171702
343,11.43,9,271.3,0.8418,OFF_171702
350,11.67,9,280.3,0.8408,OFF_171702
357,11.9,8,281.8,0.8404,OFF_171702
364,12.13,9,280.3,0.8403,OFF_171702
371,12.37,8,179.8,0.8401,OFF_171702
378,12.6,10,364.5,0.8398,OFF_171702
385,12.83,13,378.5,0.8392,OFF_171702
392,13.07,11,382.0,0.8384,OFF_171702
399,13.3,12,381.9,0.8386,OFF_171702
406,13.53,10,276.5,0.8392,OFF_171702
413,13.77,9,282.5,0.8398,OFF_171702
420,14.0,12,278.2,0.8395,OFF_171702
427,14.23,12,329.0,0.8392,OFF_171702
434,14.47,11,268.3,0.8395,OFF_171702
441,14.7,12,322.5,0.8388,OFF_171702
448,14.93,11,268.1,0.8386,OFF_171702
455,15.17,13,343.5,0.8376,OFF_171702
462,15.4,14,367.4,0.8377,OFF_171702
469,15.63,14,367.3,0.8378,OFF_171702
476,15.87,13,352.7,0.8375,OFF_171702
483,16.1,11,267.9,0.8386,OFF_171702
490,16.33,11,268.0,0.8384,OFF_171702
497,16.57,10,278.7,0.8388,OFF_171702
504,16.8,11,271.2,0.8387,OFF_171702
511,17.03,10,270.2,0.8387,OFF_171702
518,17.27,11,268.1,0.8381,OFF_171702
525,17.5,13,344.0,0.8372,OFF_171702
532,17.73,13,373.5,0.8364,OFF_171702
539,17.97,13,371.7,0.837,OFF_171702
546,18.2,13,374.2,0.8371,OFF_171702
553,18.43,10,270.2,0.8384,OFF_171702
560,18.67,10,270.1,0.8382,OFF_171702
567,18.9,9,279.8,0.8388,OFF_171702
574,19.13,9,280.0,0.838,OFF_171702
581,19.37,9,280.0,0.8383,OFF_171702
588,19.6,9,201.9,0.8381,OFF_171702
595,19.83,10,315.4,0.8385,OFF_171702
602,20.07,12,383.2,0.8381,OFF_171702
609,20.3,12,379.1,0.8381,OFF_171702
616,20.53,12,380.0,0.8379,OFF_171702
623,20.77,10,352.8,0.8383,OFF_171702
630,21.0,9,280.0,0.8396,OFF_171702
637,21.23,9,274.2,0.838,OFF_171702
644,21.47,11,379.7,0.8372,OFF_171702
651,21.7,10,262.8,0.8386,OFF_171702
658,21.93,11,328.9,0.8384,OFF_171702
665,22.17,10,278.8,0.8392,OFF_171702
672,22.4,13,343.9,0.8377,OFF_171702
679,22.63,16,395.6,0.8376,OFF_171702
686,22.87,15,370.5,0.8376,OFF_171702
693,23.1,16,396.5,0.8376,OFF_171702
700,23.33,11,279.5,0.8385,OFF_171702
707,23.57,14,272.8,0.8385,OFF_171702
714,23.8,11,294.4,0.8385,OFF_171702
721,24.03,12,284.1,0.8385,OFF_171702
728,24.27,13,278.0,0.8382,OFF_171702
735,24.5,12,208.4,0.838,OFF_171702
742,24.73,14,348.4,0.8357,OFF_171702
749,24.97,15,373.9,0.8359,OFF_171702
756,25.2,14,379.8,0.8355,OFF_171702
763,25.43,13,376.7,0.8356,OFF_171702
770,25.67,11,321.6,0.8359,OFF_171702
777,25.9,9,283.5,0.8366,OFF_171702
784,26.13,9,283.4,0.8364,OFF_171702
791,26.37,11,384.9,0.8355,OFF_171702
798,26.6,10,279.1,0.8366,OFF_171702
805,26.83,10,279.1,0.8364,OFF_171702
812,27.07,9,283.1,0.836,OFF_171702
819,27.3,13,344.4,0.835,OFF_171702
826,27.53,13,377.1,0.8347,OFF_171702
833,27.77,14,367.0,0.8349,OFF_171702
840,28.0,15,368.8,0.8343,OFF_171702
847,28.23,11,268.5,0.8371,OFF_171702
854,28.47,11,268.6,0.8375,OFF_171702
861,28.7,11,268.4,0.8374,OFF_171702
868,28.93,11,333.7,0.8371,OFF_171702
875,29.17,9,283.4,0.8363,OFF_171702
882,29.4,10,279.3,0.8364,OFF_171702
889,29.63,10,279.2,0.8374,OFF_171702
896,29.87,11,360.2,0.8364,OFF_171702
903,30.1,13,376.3,0.8364,OFF_171702
910,30.33,12,381.4,0.8358,OFF_171702
917,30.57,12,385.1,0.8351,OFF_171702
924,30.8,9,283.3,0.8357,OFF_171702
931,31.03,10,279.0,0.836,OFF_171702
938,31.27,9,283.0,0.836,OFF_171702
945,31.5,9,282.9,0.8362,OFF_171702
952,31.73,9,282.8,0.836,OFF_171702
959,31.97,8,287.3,0.8359,OFF_171702
966,32.2,8,287.3,0.836,OFF_171702
973,32.43,9,279.9,0.836,OFF_171702
980,32.67,10,350.7,0.8353,OFF_171702
987,32.9,8,287.4,0.8364,OFF_171702
994,33.13,10,341.7,0.8359,OFF_171702
1001,33.37,7,169.8,0.8362,OFF_171702
1008,33.6,6,151.8,0.8359,OFF_171702
1015,33.83,8,360.2,0.8357,OFF_171702
1022,34.07,11,383.8,0.8351,OFF_171702
1029,34.3,11,384.0,0.8352,OFF_171702
1036,34.53,9,380.1,0.8353,OFF_171702
1043,34.77,8,285.5,0.8361,OFF_171702
1050,35.0,7,291.2,0.8359,OFF_171702
1057,35.23,9,396.6,0.8351,OFF_171702
1064,35.47,9,389.6,0.8355,OFF_171702
1071,35.7,10,333.8,0.8352,OFF_171702
1078,35.93,7,143.0,0.8358,OFF_171702
1085,36.17,7,142.9,0.8344,OFF_171702
1092,36.4,6,151.6,0.8347,OFF_171702
1099,36.63,7,169.1,0.835,OFF_171702
1106,36.87,6,151.4,0.8348,OFF_171702
1113,37.1,6,151.3,0.835,OFF_171702
1120,37.33,6,151.2,0.8351,OFF_171702
1127,37.57,6,151.3,0.8349,OFF_171702
1134,37.8,7,142.4,0.8345,OFF_171702
1141,38.03,10,364.2,0.8342,OFF_171702
1148,38.27,10,389.7,0.8344,OFF_171702
1155,38.5,12,375.8,0.8346,OFF_171702
1162,38.73,10,317.2,0.8352,OFF_171702
1169,38.97,9,272.5,0.8363,OFF_171702
1176,39.2,9,277.8,0.8366,OFF_171702
1183,39.43,10,387.0,0.8353,OFF_171702
1190,39.67,9,389.7,0.8359,OFF_171702
1197,39.9,8,162.3,0.8367,OFF_171702
1204,40.13,9,171.1,0.8369,OFF_171702
1211,40.37,13,321.1,0.8366,OFF_171702
1218,40.6,13,370.5,0.8363,OFF_171702
1225,40.83,13,375.5,0.8364,OFF_171702
1232,41.07,12,344.3,0.8364,OFF_171702
1239,41.3,12,263.7,0.8372,OFF_171702
1246,41.53,11,268.6,0.8373,OFF_171702
1253,41.77,15,361.2,0.8361,OFF_171702
1260,42.0,14,360.1,0.8372,OFF_171702
1267,42.23,13,273.0,0.8372,OFF_171702
1274,42.47,9,172.5,0.8374,OFF_171702
1281,42.7,11,361.8,0.837,OFF_171702
1288,42.93,13,383.3,0.837,OFF_171702
1295,43.17,13,381.7,0.8369,OFF_171702
1302,43.4,15,369.3,0.8367,OFF_171702
1309,43.63,10,279.3,0.8379,OFF_171702
1316,43.87,10,271.0,0.8379,OFF_171702
1323,44.1,10,279.4,0.8372,OFF_171702
1330,44.33,13,365.1,0.8363,OFF_171702
1337,44.57,11,336.4,0.8369,OFF_171702
1344,44.8,10,187.3,0.8374,OFF_171702
1351,45.03,9,181.9,0.8375,OFF_171702
1358,45.27,14,362.2,0.8367,OFF_171702
1365,45.5,16,374.7,0.8364,OFF_171702
1372,45.73,15,378.0,0.8361,OFF_171702
1379,45.97,12,329.7,0.8344,OFF_171702
1386,46.2,9,286.5,0.8334,OFF_171702
1393,46.43,9,283.6,0.8332,OFF_171702
1400,46.67,12,379.4,0.8324,OFF_171702
1407,46.9,11,378.3,0.8323,OFF_171702
1414,47.13,11,330.2,0.8327,OFF_171702
1421,47.37,10,182.9,0.8329,OFF_171702
1428,47.6,10,270.0,0.8328,OFF_171702
1435,47.83,14,338.5,0.8329,OFF_171702
1442,48.07,15,362.9,0.8322,OFF_171702
1449,48.3,13,378.1,0.8323,OFF_171702
1456,48.53,11,320.0,0.8328,OFF_171702
1463,48.77,10,295.1,0.8335,OFF_171702
1470,49.0,10,279.3,0.8333,OFF_171702
1477,49.23,9,356.0,0.8332,OFF_171702
1484,49.47,11,377.5,0.8332,OFF_171702
1491,49.7,8,282.4,0.8336,OFF_171702
1498,49.93,9,190.1,0.8334,OFF_171702
1505,50.17,7,189.8,0.8317,OFF_171702
1512,50.4,13,374.6,0.8391,OFF_171702
1519,50.63,13,375.9,0.8428,OFF_171702
1526,50.87,15,366.8,0.8426,OFF_171702
1533,51.1,12,358.9,0.8436,OFF_171702
1540,51.33,13,268.0,0.8446,OFF_171702
1547,51.57,11,265.1,0.8451,OFF_171702
1554,51.8,12,261.6,0.844,OFF_171702
1561,52.03,12,364.1,0.8442,OFF_171702
1568,52.27,11,328.5,0.8432,OFF_171702
1575,52.5,10,172.9,0.8441,OFF_171702
1582,52.73,9,172.1,0.8441,OFF_171702
1589,52.97,13,373.7,0.8435,OFF_171702
0,0.0,9,346.4,0.8403,OFF_171802
4,0.13,9,344.9,0.8413,OFF_171802
8,0.27,7,160.8,0.8416,OFF_171802
12,0.4,7,160.6,0.8419,OFF_171802
16,0.53,7,160.5,0.8417,OFF_171802
20,0.67,10,363.6,0.8415,OFF_171802
24,0.8,11,386.7,0.8412,OFF_171802
28,0.93,11,383.9,0.8416,OFF_171802
32,1.07,11,382.6,0.8414,OFF_171802
36,1.2,11,382.7,0.8415,OFF_171802
40,1.33,12,374.0,0.8414,OFF_171802
44,1.47,11,386.4,0.8411,OFF_171802
48,1.6,9,267.6,0.8422,OFF_171802
52,1.73,8,282.4,0.8424,OFF_171802
56,1.87,8,282.4,0.8421,OFF_171802
60,2.0,8,282.3,0.8419,OFF_171802
64,2.13,8,282.5,0.8419,OFF_171802
68,2.27,10,385.5,0.8409,OFF_171802
72,2.4,10,381.4,0.8412,OFF_171802
76,2.53,10,379.5,0.8417,OFF_171802
80,2.67,8,282.5,0.8424,OFF_171802
84,2.8,7,160.3,0.8425,OFF_171802
88,2.93,7,160.4,0.8425,OFF_171802
92,3.07,7,160.3,0.8425,OFF_171802
96,3.2,9,352.5,0.8423,OFF_171802
100,3.33,10,362.5,0.842,OFF_171802
104,3.47,11,384.7,0.8419,OFF_171802
108,3.6,11,382.8,0.8418,OFF_171802
112,3.73,11,382.3,0.8418,OFF_171802
116,3.87,11,383.4,0.8418,OFF_171802
120,4.0,12,403.8,0.8409,OFF_171802
124,4.13,10,379.4,0.8413,OFF_171802
128,4.27,8,282.5,0.8423,OFF_171802
132,4.4,8,282.5,0.8422,OFF_171802
136,4.53,8,282.4,0.8419,OFF_171802
140,4.67,8,282.4,0.8419,OFF_171802
144,4.8,10,388.7,0.8412,OFF_171802
148,4.93,10,382.4,0.8415,OFF_171802
152,5.07,10,379.7,0.8413,OFF_171802
156,5.2,9,346.0,0.842,OFF_171802
160,5.33,7,160.3,0.8421,OFF_171802
164,5.47,7,160.4,0.8421,OFF_171802
168,5.6,7,160.6,0.8421,OFF_171802
172,5.73,7,160.7,0.8419,OFF_171802
176,5.87,9,349.1,0.8413,OFF_171802
180,6.0,12,380.3,0.8403,OFF_171802
184,6.13,11,383.2,0.8403,OFF_171802
188,6.27,11,382.3,0.8403,OFF_171802
192,6.4,11,383.1,0.8403,OFF_171802
196,6.53,12,403.8,0.8401,OFF_171802
200,6.67,9,329.8,0.8408,OFF_171802
204,6.8,8,282.7,0.8411,OFF_171802
208,6.93,8,282.8,0.8411,OFF_171802
212,7.07,8,282.6,0.8407,OFF_171802
216,7.2,8,282.4,0.8406,OFF_171802
220,7.33,10,387.6,0.8397,OFF_171802
224,7.47,10,381.8,0.84,OFF_171802
228,7.6,9,347.6,0.8401,OFF_171802
232,7.73,8,282.3,0.8405,OFF_171802
236,7.87,7,160.8,0.8403,OFF_171802
240,8.0,8,151.0,0.8405,OFF_171802
244,8.13,8,150.6,0.8404,OFF_171802
248,8.27,10,337.5,0.8405,OFF_171802
252,8.4,10,333.5,0.8407,OFF_171802
256,8.53,12,374.8,0.8403,OFF_171802
260,8.67,11,382.3,0.8403,OFF_171802
264,8.8,12,372.7,0.8407,OFF_171802
268,8.93,12,374.0,0.8403,OFF_171802
272,9.07,12,376.3,0.8398,OFF_171802
276,9.2,9,267.3,0.8404,OFF_171802
280,9.33,9,267.8,0.8406,OFF_171802
284,9.47,8,275.1,0.8405,OFF_171802
288,9.6,9,267.7,0.8401,OFF_171802
292,9.73,9,267.7,0.8402,OFF_171802
296,9.87,11,373.0,0.8392,OFF_171802
300,10.0,10,380.9,0.8394,OFF_171802
304,10.13,9,347.0,0.8393,OFF_171802
308,10.27,8,282.6,0.8394,OFF_171802
312,10.4,7,160.9,0.8393,OFF_171802
316,10.53,7,160.7,0.8394,OFF_171802
320,10.67,7,160.7,0.8395,OFF_171802
324,10.8,8,282.7,0.8392,OFF_171802
328,10.93,10,361.5,0.8394,OFF_171802
332,11.07,11,383.6,0.8391,OFF_171802
336,11.2,12,372.6,0.8397,OFF_171802
340,11.33,12,372.6,0.8393,OFF_171802
344,11.47,12,374.0,0.8392,OFF_171802
348,11.6,11,347.2,0.8391,OFF_171802
352,11.73,9,267.6,0.8398,OFF_171802
356,11.87,9,267.6,0.8397,OFF_171802
360,12.0,9,267.5,0.8398,OFF_171802
364,12.13,9,267.5,0.8393,OFF_171802
368,12.27,9,267.6,0.8392,OFF_171802
372,12.4,11,373.9,0.8388,OFF_171802
376,12.53,10,381.0,0.8386,OFF_171802
380,12.67,10,255.8,0.8387,OFF_171802
384,12.8,7,160.6,0.839,OFF_171802
388,12.93,7,160.6,0.8392,OFF_171802
392,13.07,7,160.6,0.8381,OFF_171802
396,13.2,7,160.5,0.8383,OFF_171802
400,13.33,9,351.9,0.8383,OFF_171802
404,13.47,10,361.9,0.8381,OFF_171802
408,13.6,11,384.2,0.8378,OFF_171802
412,13.73,11,382.4,0.8379,OFF_171802
416,13.87,11,382.3,0.8379,OFF_171802
420,14.0,11,383.6,0.8378,OFF_171802
424,14.13,11,386.0,0.8378,OFF_171802
428,14.27,8,282.2,0.8387,OFF_171802
432,14.4,8,282.2,0.8393,OFF_171802
436,14.53,8,282.1,0.8392,OFF_171802
440,14.67,8,282.1,0.839,OFF_171802
444,14.8,8,282.0,0.8388,OFF_171802
448,14.93,10,386.8,0.8377,OFF_171802
452,15.07,10,381.1,0.8384,OFF_171802
456,15.2,10,332.8,0.8386,OFF_171802
460,15.33,8,282.4,0.8384,OFF_171802
464,15.47,7,160.4,0.8384,OFF_171802
468,15.6,7,160.6,0.8382,OFF_171802
472,15.73,7,160.5,0.8383,OFF_171802
476,15.87,7,160.5,0.8382,OFF_171802
480,16.0,9,348.9,0.8378,OFF_171802
484,16.13,10,381.7,0.8378,OFF_171802
488,16.27,11,382.5,0.8378,OFF_171802
492,16.4,11,381.8,0.8374,OFF_171802
496,16.53,11,382.5,0.8372,OFF_171802
500,16.67,11,384.5,0.8371,OFF_171802
504,16.8,10,373.6,0.8374,OFF_171802
508,16.93,8,282.4,0.8383,OFF_171802
512,17.07,8,282.2,0.8381,OFF_171802
516,17.2,8,282.3,0.8382,OFF_171802
520,17.33,8,282.3,0.8383,OFF_171802
524,17.47,8,282.3,0.8378,OFF_171802
528,17.6,10,383.9,0.8374,OFF_171802
532,17.73,10,380.2,0.8376,OFF_171802
536,17.87,8,281.9,0.8383,OFF_171802
540,18.0,7,160.0,0.838,OFF_171802
544,18.13,7,160.0,0.8379,OFF_171802
548,18.27,7,160.0,0.8379,OFF_171802
552,18.4,7,160.0,0.838,OFF_171802
556,18.53,9,350.8,0.8397,OFF_171802
560,18.67,11,385.5,0.8424,OFF_171802
564,18.8,11,383.2,0.8435,OFF_171802
568,18.93,11,381.9,0.8438,OFF_171802
572,19.07,11,381.8,0.8438,OFF_171802
576,19.2,11,382.8,0.8437,OFF_171802
580,19.33,11,385.4,0.8435,OFF_171802
584,19.47,9,328.6,0.8443,OFF_171802
588,19.6,8,282.1,0.8445,OFF_171802
592,19.73,10,261.4,0.8443,OFF_171802
596,19.87,9,271.3,0.8444,OFF_171802
600,20.0,8,282.1,0.8435,OFF_171802
604,20.13,9,267.6,0.8435,OFF_171802
608,20.27,11,371.0,0.8428,OFF_171802
612,20.4,12,371.9,0.8433,OFF_171802
616,20.53,10,330.6,0.8439,OFF_171802
620,20.67,10,330.6,0.8436,OFF_171802
624,20.8,8,150.9,0.8441,OFF_171802
628,20.93,8,150.8,0.8441,OFF_171802
632,21.07,8,150.9,0.8442,OFF_171802
636,21.2,10,337.1,0.844,OFF_171802
640,21.33,9,343.4,0.8439,OFF_171802
644,21.47,13,368.4,0.8438,OFF_171802
648,21.6,12,372.6,0.8433,OFF_171802
652,21.73,13,366.4,0.843,OFF_171802
656,21.87,12,376.4,0.8431,OFF_171802
660,22.0,11,384.8,0.8428,OFF_171802
664,22.13,10,318.2,0.8428,OFF_171802
668,22.27,9,271.5,0.8434,OFF_171802
672,22.4,9,271.5,0.8435,OFF_171802
676,22.53,9,271.5,0.8432,OFF_171802
680,22.67,9,271.4,0.8431,OFF_171802
684,22.8,8,281.8,0.8436,OFF_171802
688,22.93,11,371.4,0.8431,OFF_171802
692,23.07,11,373.5,0.8432,OFF_171802
696,23.2,8,357.6,0.8437,OFF_171802
700,23.33,7,290.2,0.8434,OFF_171802
704,23.47,6,150.8,0.8438,OFF_171802
708,23.6,6,150.9,0.8431,OFF_171802
712,23.73,6,150.8,0.8428,OFF_171802
716,23.87,7,290.9,0.8428,OFF_171802
720,24.0,8,360.0,0.8429,OFF_171802
724,24.13,10,390.8,0.8426,OFF_171802
728,24.27,10,388.6,0.8428,OFF_171802
732,24.4,10,388.1,0.8428,OFF_171802
736,24.53,10,388.9,0.8424,OFF_171802
740,24.67,11,384.1,0.8424,OFF_171802
744,24.8,8,336.1,0.8426,OFF_171802
748,24.93,8,281.7,0.8431,OFF_171802
752,25.07,9,271.3,0.8427,OFF_171802
756,25.2,9,271.3,0.843,OFF_171802
760,25.33,8,281.8,0.8432,OFF_171802
764,25.47,8,281.8,0.8433,OFF_171802
768,25.6,10,385.4,0.8428,OFF_171802
772,25.73,10,380.7,0.8424,OFF_171802
776,25.87,9,346.2,0.8428,OFF_171802
780,26.0,7,290.6,0.8407,OFF_171802
784,26.13,6,151.4,0.8409,OFF_171802
788,26.27,6,151.3,0.8413,OFF_171802
792,26.4,6,151.5,0.8413,OFF_171802
796,26.53,7,145.3,0.8414,OFF_171802
800,26.67,9,348.2,0.8412,OFF_171802
0,0.0,12,366.6,0.8425,OFF_171833
3,0.1,11,326.4,0.8431,OFF_171833
6,0.2,9,269.5,0.8436,OFF_171833
9,0.3,9,269.3,0.8435,OFF_171833
12,0.4,9,269.5,0.8437,OFF_171833
15,0.5,10,182.1,0.844,OFF_171833
18,0.6,9,191.2,0.8438,OFF_171833
21,0.7,9,191.3,0.8439,OFF_171833
24,0.8,9,191.1,0.8438,OFF_171833
27,0.9,11,415.2,0.8439,OFF_171833
30,1.0,10,341.0,0.8442,OFF_171833
33,1.1,10,338.3,0.8446,OFF_171833
36,1.2,12,373.6,0.8445,OFF_171833
39,1.3,12,372.0,0.8447,OFF_171833
42,1.4,11,371.8,0.8447,OFF_171833
45,1.5,13,370.4,0.8449,OFF_171833
48,1.6,12,378.9,0.8444,OFF_171833
51,1.7,12,380.3,0.8446,OFF_171833
54,1.8,13,374.4,0.8445,OFF_171833
57,1.9,11,307.3,0.8451,OFF_171833
60,2.0,10,258.3,0.8456,OFF_171833
63,2.1,9,269.7,0.8464,OFF_171833
66,2.2,9,269.8,0.8466,OFF_171833
69,2.3,10,264.0,0.8466,OFF_171833
72,2.4,9,270.2,0.8465,OFF_171833
75,2.5,10,258.8,0.8465,OFF_171833
78,2.6,12,260.1,0.8461,OFF_171833
81,2.7,15,356.1,0.8454,OFF_171833
84,2.8,13,370.5,0.8454,OFF_171833
87,2.9,12,268.5,0.8462,OFF_171833
90,3.0,12,270.7,0.8466,OFF_171833
93,3.1,12,267.7,0.8468,OFF_171833
96,3.2,12,175.4,0.8468,OFF_171833
99,3.3,12,175.3,0.8471,OFF_171833
102,3.4,10,185.8,0.847,OFF_171833
105,3.5,11,177.4,0.8469,OFF_171833
108,3.6,12,265.2,0.8468,OFF_171833
111,3.7,13,327.8,0.8468,OFF_171833
114,3.8,14,318.1,0.8469,OFF_171833
117,3.9,14,360.4,0.8471,OFF_171833
120,4.0,13,369.2,0.8464,OFF_171833
123,4.1,13,361.4,0.8464,OFF_171833
126,4.2,14,369.5,0.8464,OFF_171833
129,4.3,14,380.6,0.8466,OFF_171833
132,4.4,14,381.3,0.8461,OFF_171833
135,4.5,13,392.7,0.8462,OFF_171833
138,4.6,11,279.0,0.847,OFF_171833
141,4.7,12,265.3,0.8474,OFF_171833
144,4.8,12,265.2,0.8474,OFF_171833
147,4.9,10,287.7,0.8475,OFF_171833
150,5.0,12,265.3,0.8478,OFF_171833
153,5.1,12,268.9,0.8477,OFF_171833
156,5.2,10,281.6,0.8477,OFF_171833
159,5.3,10,287.9,0.8478,OFF_171833
162,5.4,12,384.2,0.8471,OFF_171833
165,5.5,13,373.8,0.8476,OFF_171833
168,5.6,11,332.7,0.8476,OFF_171833
171,5.7,11,275.3,0.8479,OFF_171833
174,5.8,11,182.4,0.8483,OFF_171833
177,5.9,11,182.4,0.8481,OFF_171833
180,6.0,10,145.4,0.848,OFF_171833
183,6.1,10,145.3,0.8482,OFF_171833
186,6.2,10,145.3,0.8478,OFF_171833
189,6.3,12,398.7,0.8473,OFF_171833
192,6.4,13,330.9,0.8473,OFF_171833
195,6.5,10,332.6,0.848,OFF_171833
198,6.6,11,369.9,0.8477,OFF_171833
201,6.7,11,367.7,0.8478,OFF_171833
204,6.8,12,368.1,0.8477,OFF_171833
207,6.9,13,377.3,0.8474,OFF_171833
210,7.0,12,374.1,0.8473,OFF_171833
213,7.1,13,379.6,0.8472,OFF_171833
216,7.2,12,378.4,0.8472,OFF_171833
219,7.3,9,262.6,0.8484,OFF_171833
222,7.4,11,253.2,0.8486,OFF_171833
225,7.5,10,258.6,0.8487,OFF_171833
228,7.6,9,263.0,0.8484,OFF_171833
231,7.7,10,258.7,0.8484,OFF_171833
234,7.8,10,258.7,0.8483,OFF_171833
237,7.9,10,258.6,0.8489,OFF_171833
240,8.0,10,258.9,0.8482,OFF_171833
243,8.1,14,365.8,0.8477,OFF_171833
246,8.2,13,363.8,0.8476,OFF_171833
249,8.3,12,268.6,0.8482,OFF_171833
252,8.4,11,270.1,0.8483,OFF_171833
255,8.5,11,182.5,0.8485,OFF_171833
258,8.6,11,201.0,0.8483,OFF_171833
261,8.7,10,181.5,0.8483,OFF_171833
264,8.8,11,200.8,0.8484,OFF_171833
267,8.9,11,200.9,0.8484,OFF_171833
270,9.0,11,283.4,0.8488,OFF_171833
273,9.1,12,339.5,0.8484,OFF_171833
276,9.2,11,347.9,0.8481,OFF_171833
279,9.3,14,393.9,0.8481,OFF_171833
282,9.4,12,374.7,0.8482,OFF_171833
285,9.5,13,367.1,0.8481,OFF_171833
288,9.6,14,373.7,0.8478,OFF_171833
291,9.7,14,374.4,0.8478,OFF_171833
294,9.8,15,396.1,0.8474,OFF_171833
297,9.9,15,399.1,0.8472,OFF_171833
300,10.0,10,296.2,0.848,OFF_171833
303,10.1,10,296.3,0.8483,OFF_171833
306,10.2,10,296.5,0.8483,OFF_171833
309,10.3,10,296.5,0.8485,OFF_171833
312,10.4,10,296.5,0.8485,OFF_171833
315,10.5,10,296.5,0.8486,OFF_171833
318,10.6,11,284.5,0.8486,OFF_171833
321,10.7,10,280.4,0.8488,OFF_171833
324,10.8,11,385.8,0.8478,OFF_171833
327,10.9,11,383.5,0.8484,OFF_171833
330,11.0,9,293.3,0.8487,OFF_171833
333,11.1,9,288.4,0.849,OFF_171833
336,11.2,9,216.0,0.8492,OFF_171833
339,11.3,9,215.9,0.8495,OFF_171833
342,11.4,10,210.0,0.8492,OFF_171833
345,11.5,10,210.0,0.8492,OFF_171833
348,11.6,10,210.1,0.8489,OFF_171833
351,11.7,11,411.3,0.8484,OFF_171833
354,11.8,12,342.8,0.8487,OFF_171833
357,11.9,12,378.1,0.8489,OFF_171833
360,12.0,11,385.5,0.8483,OFF_171833
363,12.1,13,391.1,0.8483,OFF_171833
366,12.2,15,403.3,0.8482,OFF_171833
369,12.3,13,380.1,0.8485,OFF_171833
372,12.4,13,381.0,0.8483,OFF_171833
375,12.5,15,369.5,0.8484,OFF_171833
378,12.6,13,395.2,0.8483,OFF_171833
381,12.7,10,285.5,0.849,OFF_171833
384,12.8,8,303.1,0.8492,OFF_171833
387,12.9,9,293.6,0.8494,OFF_171833
390,13.0,11,291.2,0.8475,OFF_171833
393,13.1,12,286.0,0.8476,OFF_171833
396,13.2,11,290.4,0.8476,OFF_171833
399,13.3,11,283.0,0.8481,OFF_171833
402,13.4,9,270.1,0.8477,OFF_171833
405,13.5,13,365.7,0.8474,OFF_171833
408,13.6,13,363.0,0.8478,OFF_171833
411,13.7,9,269.8,0.8482,OFF_171833
414,13.8,9,188.6,0.848,OFF_171833
417,13.9,9,141.9,0.8489,OFF_171833
420,14.0,10,181.3,0.8488,OFF_171833
423,14.1,10,181.2,0.8487,OFF_171833
426,14.2,9,141.5,0.8486,OFF_171833
429,14.3,9,141.5,0.8486,OFF_171833
432,14.4,10,257.8,0.8484,OFF_171833
435,14.5,11,330.5,0.8483,OFF_171833
438,14.6,11,326.6,0.8481,OFF_171833
441,14.7,11,374.0,0.8482,OFF_171833
444,14.8,12,379.2,0.8481,OFF_171833
447,14.9,13,370.0,0.8481,OFF_171833
450,15.0,11,386.0,0.8476,OFF_171833
453,15.1,14,365.8,0.8476,OFF_171833
456,15.2,15,389.9,0.8472,OFF_171833
459,15.3,14,396.4,0.8473,OFF_171833
462,15.4,10,377.8,0.8479,OFF_171833
465,15.5,10,261.4,0.8484,OFF_171833
468,15.6,12,269.2,0.8482,OFF_171833
471,15.7,11,255.3,0.8483,OFF_171833
474,15.8,12,269.1,0.8481,OFF_171833
477,15.9,12,269.2,0.8483,OFF_171833
480,16.0,12,269.2,0.848,OFF_171833
483,16.1,11,278.3,0.8481,OFF_171833
486,16.2,12,270.2,0.8475,OFF_171833
489,16.3,12,369.4,0.8471,OFF_171833
492,16.4,13,357.1,0.8472,OFF_171833
495,16.5,12,269.5,0.8475,OFF_171833
498,16.6,11,275.1,0.8476,OFF_171833
501,16.7,12,201.3,0.8477,OFF_171833
504,16.8,11,207.1,0.8477,OFF_171833
507,16.9,11,207.1,0.8476,OFF_171833
510,17.0,11,207.1,0.8471,OFF_171833
513,17.1,11,178.5,0.8477,OFF_171833
516,17.2,11,269.9,0.8477,OFF_171833
519,17.3,10,258.7,0.8476,OFF_171833
522,17.4,10,258.5,0.8473,OFF_171833
525,17.5,12,332.7,0.8472,OFF_171833
528,17.6,13,371.2,0.8471,OFF_171833
531,17.7,13,374.1,0.847,OFF_171833
534,17.8,13,397.8,0.8467,OFF_171833
537,17.9,13,373.9,0.8474,OFF_171833
540,18.0,12,383.6,0.847,OFF_171833
543,18.1,13,377.4,0.8463,OFF_171833
546,18.2,9,387.2,0.8468,OFF_171833
549,18.3,10,269.8,0.8475,OFF_171833
552,18.4,9,277.9,0.8475,OFF_171833
555,18.5,9,278.0,0.8477,OFF_171833
558,18.6,9,278.0,0.8476,OFF_171833
561,18.7,9,278.1,0.8478,OFF_171833
564,18.8,9,278.1,0.8476,OFF_171833
567,18.9,9,278.1,0.8476,OFF_171833
570,19.0,8,276.6,0.8466,OFF_171833
573,19.1,9,347.2,0.8466,OFF_171833
576,19.2,10,333.2,0.8466,OFF_171833
579,19.3,9,264.0,0.8467,OFF_171833
582,19.4,9,264.2,0.8466,OFF_171833
585,19.5,9,182.8,0.847,OFF_171833
588,19.6,7,144.3,0.8472,OFF_171833
591,19.7,8,135.5,0.8471,OFF_171833
594,19.8,8,135.5,0.8469,OFF_171833
597,19.9,8,135.5,0.847,OFF_171833
600,20.0,9,262.6,0.8471,OFF_171833
603,20.1,9,262.9,0.8465,OFF_171833
606,20.2,10,332.8,0.8464,OFF_171833
609,20.3,12,376.1,0.8461,OFF_171833
612,20.4,12,374.4,0.8462,OFF_171833
615,20.5,12,373.5,0.8464,OFF_171833
618,20.6,12,373.5,0.8459,OFF_171833
621,20.7,13,374.6,0.8462,OFF_171833
624,20.8,13,376.5,0.8455,OFF_171833
627,20.9,12,360.2,0.8459,OFF_171833
630,21.0,10,276.9,0.8467,OFF_171833
633,21.1,11,270.6,0.8469,OFF_171833
636,21.2,10,276.9,0.8467,OFF_171833
639,21.3,11,272.1,0.8467,OFF_171833
642,21.4,9,262.7,0.8468,OFF_171833
645,21.5,12,265.1,0.8468,OFF_171833
648,21.6,10,276.5,0.8472,OFF_171833
651,21.7,11,270.1,0.8468,OFF_171833
654,21.8,11,270.1,0.8466,OFF_171833
657,21.9,11,270.1,0.8468,OFF_171833
660,22.0,11,270.2,0.847,OFF_171833
663,22.1,10,276.7,0.8473,OFF_171833
666,22.2,9,183.9,0.8473,OFF_171833
669,22.3,8,135.5,0.8475,OFF_171833
672,22.4,9,151.8,0.8472,OFF_171833
675,22.5,10,193.7,0.8472,OFF_171833
678,22.6,10,258.2,0.8474,OFF_171833
681,22.7,11,331.6,0.8472,OFF_171833
684,22.8,10,336.9,0.8471,OFF_171833
687,22.9,10,335.0,0.8473,OFF_171833
690,23.0,11,372.1,0.8466,OFF_171833
693,23.1,14,370.0,0.8468,OFF_171833
696,23.2,14,369.3,0.8465,OFF_171833
699,23.3,14,368.9,0.8468,OFF_171833
702,23.4,14,389.1,0.8465,OFF_171833
705,23.5,14,366.6,0.847,OFF_171833
708,23.6,10,266.1,0.8472,OFF_171833
711,23.7,8,274.7,0.8476,OFF_171833
714,23.8,8,274.8,0.8478,OFF_171833
717,23.9,9,274.6,0.848,OFF_171833
720,24.0,9,274.6,0.8479,OFF_171833
723,24.1,8,289.9,0.8478,OFF_171833
726,24.2,9,274.5,0.8473,OFF_171833
729,24.3,9,274.4,0.8474,OFF_171833
732,24.4,9,301.0,0.8472,OFF_171833
735,24.5,10,287.4,0.8471,OFF_171833
738,24.6,10,287.4,0.8466,OFF_171833
741,24.7,10,287.2,0.8463,OFF_171833
744,24.8,11,275.4,0.8463,OFF_171833
747,24.9,10,286.8,0.8466,OFF_171833
750,25.0,8,204.5,0.846,OFF_171833
753,25.1,9,193.8,0.8465,OFF_171833
756,25.2,10,287.8,0.8468,OFF_171833
759,25.3,10,291.4,0.8464,OFF_171833
762,25.4,10,367.9,0.8457,OFF_171833
765,25.5,11,352.1,0.8458,OFF_171833
768,25.6,12,386.3,0.8455,OFF_171833
771,25.7,13,410.0,0.8455,OFF_171833
774,25.8,12,395.3,0.8452,OFF_171833
777,25.9,12,395.3,0.8456,OFF_171833
780,26.0,16,395.8,0.8425,OFF_171833
783,26.1,14,410.3,0.8436,OFF_171833
0,0.0,1,0.0,0.7271,NEW_175030
9,0.3,1,0.0,0.8064,NEW_175030
18,0.6,0,0.0,0.0,NEW_175030
27,0.9,0,0.0,0.0,NEW_175030
36,1.2,0,0.0,0.0,NEW_175030
45,1.5,1,0.0,0.7853,NEW_175030
54,1.81,1,0.0,0.729,NEW_175030
63,2.11,1,0.0,0.7552,NEW_175030
72,2.41,0,0.0,0.7111,NEW_175030
81,2.71,0,0.0,0.0,NEW_175030
90,3.01,0,0.0,0.0,NEW_175030
99,3.31,0,0.0,0.0,NEW_175030
108,3.61,1,0.0,0.795,NEW_175030
117,3.91,0,0.0,0.0,NEW_175030
126,4.21,1,0.0,0.7419,NEW_175030
135,4.51,1,0.0,0.7558,NEW_175030
144,4.81,1,0.0,0.7961,NEW_175030
153,5.11,0,0.0,0.0,NEW_175030
162,5.42,0,0.0,0.0,NEW_175030
171,5.72,0,0.0,0.0,NEW_175030
180,6.02,1,0.0,0.8009,NEW_175030
189,6.32,1,0.0,0.7142,NEW_175030
198,6.62,1,0.0,0.7367,NEW_175030
207,6.92,0,0.0,0.0,NEW_175030
216,7.22,0,0.0,0.7265,NEW_175030
225,7.52,0,0.0,0.0,NEW_175030
234,7.82,0,0.0,0.0,NEW_175030
243,8.12,1,0.0,0.8062,NEW_175030
252,8.42,0,0.0,0.0,NEW_175030
261,8.72,1,0.0,0.7447,NEW_175030
270,9.03,2,40.9,0.7417,NEW_175030
279,9.33,1,0.0,0.7861,NEW_175030
288,9.63,0,0.0,0.0,NEW_175030
297,9.93,0,0.0,0.7147,NEW_175030
306,10.23,0,0.0,0.0,NEW_175030
315,10.53,1,0.0,0.7993,NEW_175030
324,10.83,1,0.0,0.7507,NEW_175030
333,11.13,1,0.0,0.7486,NEW_175030
342,11.43,0,0.0,0.7229,NEW_175030
351,11.73,1,0.0,0.8082,NEW_175030
360,12.03,1,0.0,0.7378,NEW_175030
369,12.33,1,0.0,0.7323,NEW_175030
378,12.64,1,0.0,0.8475,NEW_175030
387,12.94,1,0.0,0.8548,NEW_175030
396,13.24,3,191.9,0.8155,NEW_175030
405,13.54,3,201.6,0.7851,NEW_175030
414,13.84,1,0.0,0.8495,NEW_175030
423,14.14,2,65.0,0.7255,NEW_175030
432,14.44,5,107.4,0.7402,NEW_175030
441,14.74,5,138.8,0.7511,NEW_175030
450,15.04,2,106.4,0.7951,NEW_175030
459,15.34,1,0.0,0.8573,NEW_175030
468,15.64,1,0.0,0.8664,NEW_175030
477,15.94,1,0.0,0.8585,NEW_175030
486,16.25,1,0.0,0.8555,NEW_175030
495,16.55,3,72.0,0.7439,NEW_175030
504,16.85,6,116.3,0.7386,NEW_175030
513,17.15,0,0.0,0.0,NEW_175030
522,17.45,1,0.0,0.8565,NEW_175030
531,17.75,1,0.0,0.855,NEW_175030
540,18.05,4,90.2,0.7904,NEW_175030
549,18.35,1,0.0,0.8558,NEW_175030
558,18.65,2,67.4,0.7375,NEW_175030
567,18.95,4,75.6,0.7407,NEW_175030
576,19.25,2,114.1,0.7232,NEW_175030
585,19.55,1,0.0,0.8641,NEW_175030
594,19.86,1,0.0,0.8537,NEW_175030
603,20.16,1,0.0,0.8592,NEW_175030
612,20.46,3,87.0,0.8058,NEW_175030
621,20.76,1,0.0,0.8568,NEW_175030
630,21.06,1,0.0,0.7416,NEW_175030
639,21.36,3,79.7,0.7403,NEW_175030
648,21.66,0,0.0,0.0,NEW_175030
657,21.96,1,0.0,0.856,NEW_175030
666,22.26,1,0.0,0.8528,NEW_175030
675,22.56,4,111.1,0.7934,NEW_175030
684,22.86,1,0.0,0.8601,NEW_175030
693,23.16,3,115.4,0.7608,NEW_175030
702,23.47,4,75.2,0.7446,NEW_175030
711,23.77,1,0.0,0.7424,NEW_175030
720,24.07,1,0.0,0.8588,NEW_175030
729,24.37,1,0.0,0.8577,NEW_175030
738,24.67,1,0.0,0.8581,NEW_175030
747,24.97,4,97.1,0.7948,NEW_175030
756,25.27,1,0.0,0.8669,NEW_175030
765,25.57,1,0.0,0.74,NEW_175030
774,25.87,4,77.4,0.7393,NEW_175030
783,26.17,0,0.0,0.0,NEW_175030
792,26.47,1,0.0,0.8704,NEW_175030
801,26.77,1,0.0,0.8569,NEW_175030
810,27.08,5,123.9,0.7941,NEW_175030
819,27.38,1,0.0,0.8551,NEW_175030
828,27.68,1,0.0,0.8108,NEW_175030
837,27.98,4,75.9,0.7459,NEW_175030
846,28.28,2,93.2,0.7311,NEW_175030
855,28.58,1,0.0,0.8725,NEW_175030
864,28.88,2,50.1,0.864,NEW_175030
873,29.18,1,0.0,0.8552,NEW_175030
882,29.48,4,96.3,0.7864,NEW_175030
891,29.78,1,0.0,0.8575,NEW_175030
900,30.08,1,0.0,0.743,NEW_175030
909,30.38,2,45.6,0.7592,NEW_175030
918,30.69,0,0.0,0.0,NEW_175030
927,30.99,1,0.0,0.8613,NEW_175030
936,31.29,1,0.0,0.8736,NEW_175030
945,31.59,4,109.4,0.8019,NEW_175030
954,31.89,1,0.0,0.8644,NEW_175030
963,32.19,1,0.0,0.8007,NEW_175030
972,32.49,4,109.8,0.7445,NEW_175030
981,32.79,1,0.0,0.7523,NEW_175030
990,33.09,1,0.0,0.8591,NEW_175030
999,33.39,2,50.1,0.8386,NEW_175030
1008,33.69,1,0.0,0.8639,NEW_175030
1017,33.99,4,95.7,0.7906,NEW_175030
1026,34.3,1,0.0,0.8624,NEW_175030
1035,34.6,1,0.0,0.7381,NEW_175030
1044,34.9,4,112.7,0.7404,NEW_175030
1053,35.2,0,0.0,0.0,NEW_175030
1062,35.5,1,0.0,0.8671,NEW_175030
1071,35.8,1,0.0,0.862,NEW_175030
1080,36.1,3,76.7,0.8101,NEW_175030
1089,36.4,1,0.0,0.8575,NEW_175030
1098,36.7,1,0.0,0.8319,NEW_175030
1107,37.0,3,72.1,0.7442,NEW_175030
1116,37.3,2,44.2,0.7429,NEW_175030
1125,37.6,1,0.0,0.8709,NEW_175030
1134,37.91,3,86.1,0.8182,NEW_175030
1143,38.21,1,0.0,0.8712,NEW_175030
1152,38.51,3,82.9,0.7997,NEW_175030
1161,38.81,1,0.0,0.8655,NEW_175030
1170,39.11,1,0.0,0.7159,NEW_175030
1179,39.41,3,75.1,0.7451,NEW_175030
1188,39.71,0,0.0,0.0,NEW_175030
1197,40.01,1,0.0,0.8324,NEW_175030
1206,40.31,1,0.0,0.8333,NEW_175030
1215,40.61,1,0.0,0.8197,NEW_175030
1224,40.91,1,0.0,0.7428,NEW_175030
1233,41.21,1,0.0,0.7842,NEW_175030
1242,41.52,0,0.0,0.0,NEW_175030
1251,41.82,0,0.0,0.0,NEW_175030
1260,42.12,1,0.0,0.7637,NEW_175030
1269,42.42,1,0.0,0.7796,NEW_175030
1278,42.72,1,0.0,0.8124,NEW_175030
1287,43.02,3,80.9,0.7737,NEW_175030
1296,43.32,1,0.0,0.8615,NEW_175030
1305,43.62,0,0.0,0.0,NEW_175030
1314,43.92,1,0.0,0.7387,NEW_175030
1323,44.22,0,0.0,0.0,NEW_175030
1332,44.52,1,0.0,0.8535,NEW_175030
1341,44.82,1,0.0,0.8443,NEW_175030
1350,45.13,1,0.0,0.8544,NEW_175030
1359,45.43,2,40.6,0.7637,NEW_175030
1368,45.73,1,0.0,0.8475,NEW_175030
1377,46.03,1,0.0,0.7292,NEW_175030
1386,46.33,1,0.0,0.7316,NEW_175030
1395,46.63,1,0.0,0.7761,NEW_175030
1404,46.93,1,0.0,0.8423,NEW_175030
1413,47.23,1,0.0,0.8646,NEW_175030
1422,47.53,3,79.4,0.798,NEW_175030
1431,47.83,1,0.0,0.8586,NEW_175030
1440,48.13,1,0.0,0.7311,NEW_175030
1449,48.43,5,110.6,0.7506,NEW_175030
1458,48.74,1,0.0,0.7379,NEW_175030
1467,49.04,1,0.0,0.8715,NEW_175030
1476,49.34,2,53.6,0.8119,NEW_175030
1485,49.64,4,78.9,0.8009,NEW_175030
1494,49.94,3,223.6,0.7599,NEW_175030
1503,50.24,1,0.0,0.8681,NEW_175030
1512,50.54,4,109.5,0.7348,NEW_175030
1521,50.84,4,122.1,0.7439,NEW_175030
1530,51.14,1,0.0,0.8675,NEW_175030
1539,51.44,1,0.0,0.8653,NEW_175030
1548,51.74,3,78.5,0.8134,NEW_175030
1557,52.04,4,113.0,0.7908,NEW_175030
1566,52.35,1,0.0,0.8491,NEW_175030
1575,52.65,1,0.0,0.7112,NEW_175030
1584,52.95,4,107.9,0.7448,NEW_175030
1593,53.25,1,0.0,0.7163,NEW_175030
1602,53.55,1,0.0,0.8669,NEW_175030
1611,53.85,3,93.2,0.8115,NEW_175030
1620,54.15,4,106.9,0.8039,NEW_175030
1629,54.45,2,40.2,0.7935,NEW_175030
1638,54.75,1,0.0,0.8661,NEW_175030
1647,55.05,4,109.8,0.7423,NEW_175030
1656,55.35,4,121.2,0.746,NEW_175030
1665,55.65,1,0.0,0.8638,NEW_175030
1674,55.96,1,0.0,0.8638,NEW_175030
1683,56.26,3,79.2,0.8181,NEW_175030
1692,56.56,3,78.5,0.8067,NEW_175030
1701,56.86,1,0.0,0.8701,NEW_175030
1710,57.16,0,0.0,0.7127,NEW_175030
1719,57.46,4,108.0,0.7574,NEW_175030
1728,57.76,1,0.0,0.7387,NEW_175030
1737,58.06,1,0.0,0.8691,NEW_175030
1746,58.36,3,100.4,0.7938,NEW_175030
1755,58.66,3,75.7,0.8102,NEW_175030
1764,58.96,2,40.1,0.8009,NEW_175030
1773,59.26,1,0.0,0.8764,NEW_175030
1782,59.57,2,63.1,0.7419,NEW_175030
1791,59.87,3,97.5,0.7472,NEW_175030
1800,60.17,0,0.0,0.0,NEW_175030
1809,60.47,1,0.0,0.8777,NEW_175030
1818,60.77,3,83.9,0.8196,NEW_175030
1827,61.07,3,76.2,0.8007,NEW_175030
1836,61.37,2,39.9,0.7662,NEW_175030
1845,61.67,2,73.0,0.7499,NEW_175030
1854,61.97,4,108.2,0.7395,NEW_175030
1863,62.27,3,79.8,0.7309,NEW_175030
1872,62.57,1,0.0,0.875,NEW_175030
1881,62.87,2,84.9,0.7665,NEW_175030
1890,63.18,3,76.9,0.8259,NEW_175030
1899,63.48,3,79.4,0.7927,NEW_175030
1908,63.78,1,0.0,0.8577,NEW_175030
1917,64.08,1,0.0,0.7234,NEW_175030
1926,64.38,4,109.9,0.7473,NEW_175030
1935,64.68,0,0.0,0.0,NEW_175030
1944,64.98,1,0.0,0.8701,NEW_175030
1953,65.28,2,54.0,0.8403,NEW_175030
0,0.0,1,0.0,0.8622,NEW_175141
2,0.07,1,0.0,0.862,NEW_175141
4,0.13,2,72.1,0.7354,NEW_175141
6,0.2,2,114.9,0.7181,NEW_175141
8,0.27,1,0.0,0.727,NEW_175141
10,0.33,2,61.6,0.7359,NEW_175141
12,0.4,4,108.4,0.7408,NEW_175141
14,0.47,4,107.4,0.7435,NEW_175141
16,0.53,5,106.9,0.744,NEW_175141
18,0.6,4,114.2,0.7421,NEW_175141
20,0.67,4,123.1,0.7409,NEW_175141
22,0.74,3,80.1,0.736,NEW_175141
24,0.8,1,0.0,0.7496,NEW_175141
26,0.87,0,0.0,0.0,NEW_175141
28,0.94,0,0.0,0.7098,NEW_175141
30,1.0,1,0.0,0.8581,NEW_175141
32,1.07,1,0.0,0.8646,NEW_175141
34,1.14,1,0.0,0.8647,NEW_175141
36,1.2,1,0.0,0.8637,NEW_175141
38,1.27,1,0.0,0.8648,NEW_175141
40,1.34,2,85.5,0.7636,NEW_175141
42,1.4,4,99.5,0.7914,NEW_175141
44,1.47,2,53.0,0.8145,NEW_175141
46,1.54,1,0.0,0.8524,NEW_175141
48,1.6,3,79.3,0.8149,NEW_175141
50,1.67,3,76.4,0.806,NEW_175141
52,1.74,3,75.6,0.8066,NEW_175141
54,1.81,4,108.0,0.8002,NEW_175141
56,1.87,4,112.1,0.7993,NEW_175141
58,1.94,3,80.3,0.8056,NEW_175141
60,2.01,3,83.6,0.7939,NEW_175141
62,2.07,3,220.7,0.8023,NEW_175141
64,2.14,2,40.2,0.7934,NEW_175141
66,2.21,1,0.0,0.8653,NEW_175141
68,2.27,1,0.0,0.8652,NEW_175141
70,2.34,1,0.0,0.8634,NEW_175141
72,2.41,2,76.2,0.8401,NEW_175141
74,2.47,2,70.2,0.7383,NEW_175141
76,2.54,2,102.8,0.7219,NEW_175141
78,2.61,2,62.0,0.722,NEW_175141
80,2.67,4,109.6,0.7397,NEW_175141
82,2.74,5,108.5,0.7431,NEW_175141
84,2.81,5,109.8,0.7486,NEW_175141
86,2.87,5,114.0,0.7456,NEW_175141
88,2.94,5,122.4,0.7437,NEW_175141
90,3.01,5,124.6,0.7424,NEW_175141
92,3.08,2,46.4,0.7405,NEW_175141
94,3.14,0,0.0,0.7229,NEW_175141
96,3.21,0,0.0,0.0,NEW_175141
98,3.28,1,0.0,0.7478,NEW_175141
100,3.34,1,0.0,0.8585,NEW_175141
102,3.41,1,0.0,0.8566,NEW_175141
104,3.48,1,0.0,0.8572,NEW_175141
106,3.54,1,0.0,0.8563,NEW_175141
108,3.61,1,0.0,0.7646,NEW_175141
110,3.68,4,145.9,0.7759,NEW_175141
112,3.74,2,55.0,0.8264,NEW_175141
114,3.81,2,49.6,0.8472,NEW_175141
116,3.88,3,80.4,0.8374,NEW_175141
118,3.94,3,77.0,0.8128,NEW_175141
120,4.01,4,106.6,0.807,NEW_175141
122,4.08,4,107.6,0.8011,NEW_175141
124,4.14,5,112.6,0.7937,NEW_175141
126,4.21,5,117.3,0.8029,NEW_175141
128,4.28,3,82.9,0.7851,NEW_175141
130,4.35,3,211.7,0.7758,NEW_175141
132,4.41,2,39.9,0.7855,NEW_175141
134,4.48,1,0.0,0.8596,NEW_175141
136,4.55,1,0.0,0.8553,NEW_175141
138,4.61,1,0.0,0.8499,NEW_175141
140,4.68,1,0.0,0.8531,NEW_175141
142,4.75,3,117.4,0.7405,NEW_175141
144,4.81,1,0.0,0.7458,NEW_175141
146,4.88,2,77.9,0.7191,NEW_175141
148,4.95,2,62.1,0.7415,NEW_175141
150,5.01,4,107.9,0.7477,NEW_175141
152,5.08,4,108.9,0.7529,NEW_175141
154,5.15,5,113.2,0.7475,NEW_175141
156,5.21,5,119.2,0.748,NEW_175141
158,5.28,5,130.4,0.7454,NEW_175141
160,5.35,3,81.7,0.7419,NEW_175141
162,5.42,1,0.0,0.7342,NEW_175141
164,5.48,0,0.0,0.0,NEW_175141
166,5.55,2,39.6,0.7545,NEW_175141
168,5.62,1,0.0,0.8656,NEW_175141
170,5.68,1,0.0,0.8556,NEW_175141
172,5.75,1,0.0,0.8573,NEW_175141
174,5.82,1,0.0,0.8542,NEW_175141
176,5.88,1,0.0,0.8383,NEW_175141
178,5.95,2,83.5,0.7998,NEW_175141
180,6.02,3,94.5,0.8149,NEW_175141
182,6.08,2,50.6,0.847,NEW_175141
184,6.15,2,47.3,0.8423,NEW_175141
186,6.22,3,77.4,0.8137,NEW_175141
188,6.28,3,76.1,0.8096,NEW_175141
190,6.35,4,106.1,0.8067,NEW_175141
192,6.42,4,108.8,0.798,NEW_175141
194,6.48,4,113.3,0.796,NEW_175141
196,6.55,3,81.8,0.8,NEW_175141
198,6.62,3,204.1,0.7919,NEW_175141
200,6.69,3,240.9,0.7674,NEW_175141
202,6.75,1,0.0,0.8589,NEW_175141
204,6.82,1,0.0,0.8572,NEW_175141
206,6.89,1,0.0,0.8492,NEW_175141
208,6.95,1,0.0,0.8482,NEW_175141
210,7.02,3,120.7,0.7317,NEW_175141
212,7.09,2,109.8,0.7126,NEW_175141
214,7.15,2,80.9,0.7307,NEW_175141
216,7.22,2,62.4,0.7358,NEW_175141
218,7.29,4,108.6,0.7364,NEW_175141
220,7.35,4,108.9,0.7401,NEW_175141
222,7.42,4,110.9,0.7415,NEW_175141
224,7.49,4,115.7,0.7433,NEW_175141
226,7.55,4,124.0,0.745,NEW_175141
228,7.62,2,76.6,0.7482,NEW_175141
230,7.69,1,0.0,0.7538,NEW_175141
232,7.75,0,0.0,0.0,NEW_175141
234,7.82,1,0.0,0.7657,NEW_175141
236,7.89,1,0.0,0.8639,NEW_175141
238,7.96,1,0.0,0.8844,NEW_175141
240,8.02,1,0.0,0.8637,NEW_175141
242,8.09,1,0.0,0.8634,NEW_175141
244,8.16,1,0.0,0.8737,NEW_175141
246,8.22,2,85.2,0.7497,NEW_175141
248,8.29,3,104.7,0.7857,NEW_175141
250,8.36,2,53.9,0.8387,NEW_175141
252,8.42,2,49.0,0.8497,NEW_175141
254,8.49,3,79.2,0.8275,NEW_175141
256,8.56,3,76.6,0.816,NEW_175141
258,8.62,5,109.7,0.8059,NEW_175141
260,8.69,4,107.9,0.807,NEW_175141
262,8.76,5,112.9,0.7974,NEW_175141
264,8.82,4,82.0,0.8057,NEW_175141
266,8.89,3,83.6,0.7913,NEW_175141
268,8.96,2,40.1,0.7949,NEW_175141
270,9.03,2,40.4,0.7726,NEW_175141
272,9.09,1,0.0,0.855,NEW_175141
274,9.16,1,0.0,0.8555,NEW_175141
276,9.23,1,0.0,0.8662,NEW_175141
278,9.29,1,0.0,0.852,NEW_175141
280,9.36,3,117.5,0.7406,NEW_175141
282,9.43,3,103.2,0.7325,NEW_175141
284,9.49,0,0.0,0.7791,NEW_175141
286,9.56,3,90.0,0.7336,NEW_175141
288,9.63,4,107.5,0.746,NEW_175141
290,9.69,4,105.9,0.7416,NEW_175141
292,9.76,5,113.2,0.7406,NEW_175141
294,9.83,5,121.0,0.7387,NEW_175141
296,9.89,4,129.0,0.7413,NEW_175141
298,9.96,1,0.0,0.7508,NEW_175141
300,10.03,1,0.0,0.7235,NEW_175141
302,10.09,0,0.0,0.0,NEW_175141
304,10.16,1,0.0,0.7517,NEW_175141
306,10.23,1,0.0,0.8565,NEW_175141
308,10.3,1,0.0,0.8544,NEW_175141
310,10.36,1,0.0,0.8567,NEW_175141
312,10.43,1,0.0,0.859,NEW_175141
314,10.5,1,0.0,0.8494,NEW_175141
316,10.56,4,150.9,0.7771,NEW_175141
318,10.63,1,0.0,0.8405,NEW_175141
320,10.7,1,0.0,0.8504,NEW_175141
322,10.76,1,0.0,0.8502,NEW_175141
324,10.83,3,77.7,0.813,NEW_175141
326,10.9,4,107.4,0.8065,NEW_175141
328,10.96,5,110.7,0.7971,NEW_175141
330,11.03,4,109.1,0.793,NEW_175141
332,11.1,4,113.4,0.7992,NEW_175141
334,11.16,3,81.9,0.7943,NEW_175141
336,11.23,3,202.6,0.7767,NEW_175141
338,11.3,2,40.3,0.7885,NEW_175141
340,11.36,2,39.7,0.8406,NEW_175141
342,11.43,1,0.0,0.8501,NEW_175141
344,11.5,1,0.0,0.8463,NEW_175141
346,11.57,1,0.0,0.8491,NEW_175141
348,11.63,3,122.1,0.7322,NEW_175141
350,11.7,2,115.0,0.7256,NEW_175141
352,11.77,1,0.0,0.7384,NEW_175141
354,11.83,2,65.5,0.744,NEW_175141
356,11.9,5,109.3,0.7377,NEW_175141
358,11.97,3,77.5,0.7578,NEW_175141
360,12.03,5,110.6,0.7453,NEW_175141
362,12.1,5,115.7,0.7444,NEW_175141
364,12.17,3,76.4,0.753,NEW_175141
366,12.23,3,79.3,0.7438,NEW_175141
368,12.3,1,0.0,0.7647,NEW_175141
370,12.37,0,0.0,0.0,NEW_175141
372,12.43,0,0.0,0.0,NEW_175141
374,12.5,1,0.0,0.8514,NEW_175141
376,12.57,1,0.0,0.8521,NEW_175141
378,12.64,1,0.0,0.8521,NEW_175141
380,12.7,1,0.0,0.8521,NEW_175141
382,12.77,1,0.0,0.8568,NEW_175141
384,12.84,1,0.0,0.7575,NEW_175141
386,12.9,3,106.2,0.7955,NEW_175141
388,12.97,2,54.2,0.8309,NEW_175141
390,13.04,2,49.4,0.8389,NEW_175141
392,13.1,3,79.8,0.8331,NEW_175141
394,13.17,3,76.7,0.8058,NEW_175141
396,13.24,3,75.9,0.8042,NEW_175141
398,13.3,4,107.5,0.7983,NEW_175141
400,13.37,4,110.0,0.8015,NEW_175141
402,13.44,4,114.9,0.7964,NEW_175141
404,13.5,3,83.1,0.7884,NEW_175141
406,13.57,3,207.2,0.7742,NEW_175141
408,13.64,2,40.5,0.7745,NEW_175141
410,13.7,1,0.0,0.8565,NEW_175141
412,13.77,1,0.0,0.8559,NEW_175141
414,13.84,1,0.0,0.8554,NEW_175141
416,13.91,1,0.0,0.8537,NEW_175141
418,13.97,3,117.7,0.7413,NEW_175141
420,14.04,3,105.0,0.7392,NEW_175141
422,14.11,1,0.0,0.7145,NEW_175141
424,14.17,3,104.1,0.7452,NEW_175141
426,14.24,3,80.9,0.7394,NEW_175141
428,14.31,4,107.8,0.7472,NEW_175141
430,14.37,4,111.1,0.7466,NEW_175141
432,14.44,4,116.8,0.7496,NEW_175141
434,14.51,4,126.2,0.7448,NEW_175141
436,14.57,2,44.4,0.7468,NEW_175141
438,14.64,1,0.0,0.7263,NEW_175141
440,14.71,0,0.0,0.0,NEW_175141
442,14.77,2,41.1,0.7243,NEW_175141
444,14.84,1,0.0,0.8545,NEW_175141
446,14.91,1,0.0,0.8455,NEW_175141
448,14.97,1,0.0,0.8564,NEW_175141
450,15.04,1,0.0,0.8503,NEW_175141
452,15.11,1,0.0,0.8503,NEW_175141
454,15.18,2,84.6,0.7649,NEW_175141
456,15.24,1,0.0,0.8363,NEW_175141
458,15.31,1,0.0,0.8478,NEW_175141
460,15.38,2,48.7,0.8366,NEW_175141
462,15.44,3,78.1,0.8121,NEW_175141
464,15.51,3,76.3,0.8057,NEW_175141
466,15.58,3,76.2,0.799,NEW_175141
468,15.64,3,76.1,0.8047,NEW_175141
470,15.71,4,80.3,0.7947,NEW_175141
472,15.78,3,80.5,0.7972,NEW_175141
474,15.84,2,40.1,0.7925,NEW_175141
476,15.91,3,227.2,0.7688,NEW_175141
0,0.0,3,76.7,0.7827,NEW_175201
1,0.03,3,77.4,0.7801,NEW_175201
2,0.07,3,78.3,0.7739,NEW_175201
3,0.1,3,80.3,0.7726,NEW_175201
4,0.13,3,81.8,0.7691,NEW_175201
5,0.17,3,85.6,0.7727,NEW_175201
6,0.2,2,39.9,0.7703,NEW_175201
7,0.23,2,39.8,0.7522,NEW_175201
8,0.27,2,39.6,0.749,NEW_175201
9,0.3,3,278.3,0.7442,NEW_175201
10,0.33,1,0.0,0.866,NEW_175201
11,0.37,1,0.0,0.8594,NEW_175201
12,0.4,1,0.0,0.8527,NEW_175201
13,0.43,1,0.0,0.8519,NEW_175201
14,0.47,1,0.0,0.8521,NEW_175201
15,0.5,1,0.0,0.8522,NEW_175201
16,0.53,1,0.0,0.8515,NEW_175201
17,0.57,2,74.9,0.844,NEW_175201
18,0.6,2,71.3,0.7241,NEW_175201
19,0.64,2,69.2,0.7267,NEW_175201
20,0.67,1,0.0,0.7166,NEW_175201
21,0.7,2,104.6,0.7136,NEW_175201
22,0.74,1,0.0,0.7248,NEW_175201
23,0.77,0,0.0,0.7114,NEW_175201
24,0.8,1,0.0,0.7395,NEW_175201
25,0.84,1,0.0,0.7409,NEW_175201
26,0.87,1,0.0,0.7399,NEW_175201
27,0.9,1,0.0,0.7465,NEW_175201
28,0.94,2,66.7,0.7466,NEW_175201
29,0.97,3,86.9,0.7394,NEW_175201
30,1.0,3,75.1,0.7393,NEW_175201
31,1.04,2,47.4,0.7451,NEW_175201
32,1.07,3,75.0,0.7392,NEW_175201
33,1.1,2,45.0,0.7416,NEW_175201
34,1.14,3,76.0,0.7391,NEW_175201
35,1.17,2,43.8,0.7333,NEW_175201
36,1.2,3,79.0,0.724,NEW_175201
37,1.24,1,0.0,0.7345,NEW_175201
38,1.27,1,0.0,0.729,NEW_175201
39,1.3,0,0.0,0.0,NEW_175201
40,1.34,0,0.0,0.0,NEW_175201
41,1.37,0,0.0,0.0,NEW_175201
42,1.4,0,0.0,0.0,NEW_175201
43,1.44,1,0.0,0.7476,NEW_175201
44,1.47,1,0.0,0.7941,NEW_175201
45,1.5,1,0.0,0.8677,NEW_175201
46,1.54,1,0.0,0.8682,NEW_175201
47,1.57,1,0.0,0.8643,NEW_175201
48,1.6,1,0.0,0.8659,NEW_175201
49,1.64,1,0.0,0.8662,NEW_175201
50,1.67,1,0.0,0.8667,NEW_175201
51,1.7,1,0.0,0.8648,NEW_175201
52,1.74,1,0.0,0.8609,NEW_175201
53,1.77,1,0.0,0.8572,NEW_175201
54,1.81,1,0.0,0.7297,NEW_175201
55,1.84,2,82.9,0.7538,NEW_175201
56,1.87,3,109.9,0.7663,NEW_175201
57,1.91,2,82.0,0.8165,NEW_175201
58,1.94,1,0.0,0.867,NEW_175201
59,1.97,1,0.0,0.8709,NEW_175201
60,2.01,1,0.0,0.8696,NEW_175201
61,2.04,1,0.0,0.8687,NEW_175201
62,2.07,2,47.9,0.8572,NEW_175201
63,2.11,2,45.3,0.8328,NEW_175201
64,2.14,3,77.0,0.8126,NEW_175201
65,2.17,3,76.2,0.798,NEW_175201
66,2.21,3,76.6,0.7935,NEW_175201
67,2.24,3,76.4,0.7921,NEW_175201
68,2.27,3,76.2,0.79,NEW_175201
69,2.31,3,76.5,0.7875,NEW_175201
70,2.34,3,76.9,0.7823,NEW_175201
71,2.37,3,78.2,0.7846,NEW_175201
72,2.41,3,79.0,0.7844,NEW_175201
73,2.44,3,80.8,0.7767,NEW_175201
74,2.47,3,82.3,0.7647,NEW_175201
75,2.51,2,40.3,0.7773,NEW_175201
76,2.54,2,40.2,0.7689,NEW_175201
77,2.57,2,40.5,0.7618,NEW_175201
78,2.61,2,40.2,0.7488,NEW_175201
79,2.64,2,39.5,0.7476,NEW_175201
80,2.67,1,0.0,0.8606,NEW_175201
81,2.71,1,0.0,0.8586,NEW_175201
82,2.74,1,0.0,0.8584,NEW_175201
83,2.77,1,0.0,0.8587,NEW_175201
84,2.81,1,0.0,0.8591,NEW_175201
85,2.84,1,0.0,0.8591,NEW_175201
86,2.87,1,0.0,0.8567,NEW_175201
87,2.91,1,0.0,0.8517,NEW_175201
88,2.94,2,69.5,0.7304,NEW_175201
89,2.97,2,68.7,0.7243,NEW_175201
90,3.01,1,0.0,0.7143,NEW_175201
91,3.04,1,0.0,0.7249,NEW_175201
92,3.08,1,0.0,0.7204,NEW_175201
93,3.11,1,0.0,0.7176,NEW_175201
94,3.14,1,0.0,0.7304,NEW_175201
95,3.18,1,0.0,0.7387,NEW_175201
96,3.21,1,0.0,0.7356,NEW_175201
97,3.24,2,62.0,0.7392,NEW_175201
98,3.28,3,105.2,0.739,NEW_175201
99,3.31,3,76.8,0.7369,NEW_175201
100,3.34,4,107.1,0.7344,NEW_175201
101,3.38,3,89.9,0.7407,NEW_175201
102,3.41,4,111.9,0.7385,NEW_175201
103,3.44,1,0.0,0.7483,NEW_175201
104,3.48,3,76.5,0.7376,NEW_175201
105,3.51,2,43.6,0.7366,NEW_175201
106,3.54,1,0.0,0.7444,NEW_175201
107,3.58,1,0.0,0.7454,NEW_175201
108,3.61,1,0.0,0.7276,NEW_175201
109,3.64,0,0.0,0.0,NEW_175201
110,3.68,0,0.0,0.0,NEW_175201
111,3.71,0,0.0,0.0,NEW_175201
112,3.74,0,0.0,0.0,NEW_175201
113,3.78,1,0.0,0.7337,NEW_175201
114,3.81,1,0.0,0.735,NEW_175201
115,3.84,1,0.0,0.8679,NEW_175201
116,3.88,1,0.0,0.8711,NEW_175201
117,3.91,1,0.0,0.8705,NEW_175201
118,3.94,1,0.0,0.8661,NEW_175201
119,3.98,1,0.0,0.8661,NEW_175201
120,4.01,1,0.0,0.8721,NEW_175201
121,4.04,1,0.0,0.8735,NEW_175201
122,4.08,1,0.0,0.8732,NEW_175201
123,4.11,1,0.0,0.8702,NEW_175201
124,4.14,1,0.0,0.7278,NEW_175201
125,4.18,2,84.6,0.747,NEW_175201
126,4.21,2,84.3,0.7762,NEW_175201
127,4.25,4,92.8,0.804,NEW_175201
128,4.28,2,54.7,0.8434,NEW_175201
129,4.31,1,0.0,0.8605,NEW_175201
130,4.35,2,50.0,0.8508,NEW_175201
131,4.38,2,48.4,0.8531,NEW_175201
132,4.41,2,47.2,0.8546,NEW_175201
133,4.45,2,45.5,0.8422,NEW_175201
134,4.48,3,77.0,0.8043,NEW_175201
135,4.51,3,76.5,0.8005,NEW_175201
136,4.55,3,76.1,0.7936,NEW_175201
137,4.58,3,76.1,0.7917,NEW_175201
138,4.61,3,76.0,0.7912,NEW_175201
139,4.65,3,76.7,0.7861,NEW_175201
140,4.68,3,77.4,0.7859,NEW_175201
141,4.71,3,77.7,0.7862,NEW_175201
142,4.75,3,79.5,0.7804,NEW_175201
143,4.78,3,80.9,0.7788,NEW_175201
144,4.81,3,82.9,0.7759,NEW_175201
145,4.85,2,39.8,0.779,NEW_175201
146,4.88,2,39.9,0.7693,NEW_175201
147,4.91,2,40.1,0.7518,NEW_175201
148,4.95,2,40.0,0.7461,NEW_175201
149,4.98,2,40.2,0.781,NEW_175201
150,5.01,1,0.0,0.874,NEW_175201
151,5.05,1,0.0,0.8731,NEW_175201
152,5.08,1,0.0,0.8729,NEW_175201
153,5.11,1,0.0,0.8722,NEW_175201
154,5.15,1,0.0,0.8717,NEW_175201
155,5.18,1,0.0,0.8709,NEW_175201
156,5.21,1,0.0,0.8702,NEW_175201
157,5.25,1,0.0,0.8208,NEW_175201
158,5.28,2,71.4,0.7233,NEW_175201
159,5.31,2,68.5,0.7233,NEW_175201
160,5.35,3,109.0,0.7143,NEW_175201
161,5.38,2,101.9,0.7144,NEW_175201
162,5.42,1,0.0,0.7191,NEW_175201
163,5.45,0,0.0,0.7098,NEW_175201
164,5.48,1,0.0,0.7342,NEW_175201
165,5.52,1,0.0,0.7317,NEW_175201
166,5.55,2,64.9,0.7293,NEW_175201
167,5.58,2,65.6,0.7327,NEW_175201
168,5.62,3,85.7,0.7308,NEW_175201
169,5.65,2,68.7,0.7377,NEW_175201
170,5.68,3,108.4,0.7369,NEW_175201
171,5.72,2,71.9,0.7422,NEW_175201
172,5.75,4,113.0,0.7362,NEW_175201
173,5.78,1,0.0,0.7435,NEW_175201
174,5.82,4,121.3,0.7333,NEW_175201
175,5.85,2,43.8,0.7316,NEW_175201
176,5.88,2,43.6,0.729,NEW_175201
177,5.92,2,43.4,0.7293,NEW_175201
178,5.95,1,0.0,0.7238,NEW_175201
179,5.98,1,0.0,0.7114,NEW_175201
180,6.02,0,0.0,0.0,NEW_175201
181,6.05,0,0.0,0.0,NEW_175201
182,6.08,0,0.0,0.0,NEW_175201
183,6.12,1,0.0,0.7315,NEW_175201
184,6.15,1,0.0,0.7549,NEW_175201
185,6.18,1,0.0,0.8742,NEW_175201
186,6.22,1,0.0,0.8759,NEW_175201
187,6.25,1,0.0,0.8769,NEW_175201
188,6.28,1,0.0,0.876,NEW_175201
189,6.32,1,0.0,0.8747,NEW_175201
190,6.35,1,0.0,0.8739,NEW_175201
191,6.38,1,0.0,0.8729,NEW_175201
192,6.42,1,0.0,0.8731,NEW_175201
193,6.45,1,0.0,0.8722,NEW_175201
194,6.48,1,0.0,0.7293,NEW_175201
195,6.52,1,0.0,0.7758,NEW_175201
196,6.55,1,0.0,0.8159,NEW_175201
197,6.58,1,0.0,0.8334,NEW_175201
198,6.62,2,53.9,0.843,NEW_175201
199,6.65,1,0.0,0.857,NEW_175201
200,6.69,1,0.0,0.8553,NEW_175201
201,6.72,1,0.0,0.8596,NEW_175201
202,6.75,1,0.0,0.859,NEW_175201
203,6.79,1,0.0,0.8531,NEW_175201
204,6.82,3,76.6,0.8068,NEW_175201
205,6.85,3,76.5,0.7982,NEW_175201
206,6.89,4,79.9,0.7913,NEW_175201
207,6.92,3,76.3,0.7915,NEW_175201
208,6.95,3,76.4,0.7891,NEW_175201
209,6.99,4,79.6,0.7901,NEW_175201
210,7.02,3,77.2,0.7887,NEW_175201
211,7.05,3,78.0,0.7838,NEW_175201
212,7.09,3,79.1,0.7812,NEW_175201
213,7.12,3,80.9,0.7769,NEW_175201
214,7.15,3,82.7,0.7707,NEW_175201
215,7.19,3,85.0,0.7765,NEW_175201
216,7.22,2,39.5,0.7711,NEW_175201
217,7.25,3,219.5,0.7589,NEW_175201
218,7.29,2,38.9,0.745,NEW_175201
219,7.32,2,39.4,0.7832,NEW_175201
220,7.35,1,0.0,0.861,NEW_175201
221,7.39,1,0.0,0.8563,NEW_175201
222,7.42,1,0.0,0.8534,NEW_175201
223,7.45,1,0.0,0.8541,NEW_175201
224,7.49,1,0.0,0.854,NEW_175201
225,7.52,1,0.0,0.8541,NEW_175201
226,7.55,1,0.0,0.8534,NEW_175201
227,7.59,2,74.0,0.7927,NEW_175201
228,7.62,2,70.7,0.7293,NEW_175201
229,7.65,2,69.8,0.7301,NEW_175201
230,7.69,2,111.6,0.7151,NEW_175201
231,7.72,2,102.3,0.7189,NEW_175201
232,7.75,1,0.0,0.7173,NEW_175201
233,7.79,1,0.0,0.7317,NEW_175201
234,7.82,1,0.0,0.7459,NEW_175201
235,7.86,1,0.0,0.7447,NEW_175201
236,7.89,1,0.0,0.7488,NEW_175201
237,7.92,1,0.0,0.7494,NEW_175201
238,7.96,1,0.0,0.7554,NEW_175201
239,7.99,2,50.3,0.7406,NEW_175201
240,8.02,2,64.7,0.749,NEW_175201
241,8.06,3,74.8,0.7468,NEW_175201
242,8.09,3,75.4,0.737,NEW_175201
243,8.12,2,83.0,0.7474,NEW_175201
244,8.16,3,130.2,0.7474,NEW_175201
245,8.19,3,136.1,0.7409,NEW_175201
246,8.22,1,0.0,0.7402,NEW_175201
247,8.26,1,0.0,0.7325,NEW_175201
248,8.29,1,0.0,0.7316,NEW_175201
249,8.32,0,0.0,0.0,NEW_175201
250,8.36,0,0.0,0.0,NEW_175201
251,8.39,0,0.0,0.0,NEW_175201
252,8.42,0,0.0,0.7137,NEW_175201
253,8.46,1,0.0,0.736,NEW_175201
254,8.49,1,0.0,0.8588,NEW_175201
255,8.52,1,0.0,0.8709,NEW_175201
256,8.56,1,0.0,0.8709,NEW_175201
257,8.59,1,0.0,0.871,NEW_175201
258,8.62,1,0.0,0.8711,NEW_175201
259,8.66,1,0.0,0.8711,NEW_175201
260,8.69,1,0.0,0.8711,NEW_175201
261,8.72,1,0.0,0.8712,NEW_175201
262,8.76,1,0.0,0.8708,NEW_175201
263,8.79,1,0.0,0.8627,NEW_175201
264,8.82,2,84.1,0.7326,NEW_175201
265,8.86,2,82.1,0.7751,NEW_175201
266,8.89,2,82.5,0.817,NEW_175201
267,8.92,2,56.8,0.8429,NEW_175201
268,8.96,2,52.8,0.872,NEW_175201
269,8.99,1,0.0,0.872,NEW_175201
270,9.03,1,0.0,0.8722,NEW_175201
271,9.06,1,0.0,0.8682,NEW_175201
272,9.09,1,0.0,0.8612,NEW_175201
273,9.13,2,44.3,0.8422,NEW_175201
274,9.16,3,76.2,0.8063,NEW_175201
275,9.19,3,76.1,0.796,NEW_175201
276,9.23,3,75.5,0.7918,NEW_175201
277,9.26,3,75.8,0.7888,NEW_175201
278,9.29,3,76.0,0.7867,NEW_175201
279,9.33,3,76.1,0.7862,NEW_175201
280,9.36,3,76.8,0.7847,NEW_175201
281,9.39,3,77.9,0.7794,NEW_175201
282,9.43,3,79.8,0.776,NEW_175201
283,9.46,3,81.2,0.7689,NEW_175201
284,9.49,3,82.6,0.762,NEW_175201
285,9.53,2,39.7,0.7708,NEW_175201
286,9.56,2,39.5,0.7611,NEW_175201
287,9.59,2,39.2,0.7526,NEW_175201
288,9.63,2,39.0,0.7445,NEW_175201
289,9.66,2,39.2,0.8513,NEW_175201
290,9.69,1,0.0,0.8744,NEW_175201
291,9.73,1,0.0,0.8731,NEW_175201
292,9.76,1,0.0,0.8736,NEW_175201
293,9.79,1,0.0,0.8725,NEW_175201
294,9.83,1,0.0,0.8728,NEW_175201
295,9.86,1,0.0,0.865,NEW_175201
296,9.89,1,0.0,0.8637,NEW_175201
297,9.93,3,122.7,0.7287,NEW_175201
298,9.96,3,115.6,0.7253,NEW_175201
299,9.99,2,66.7,0.7178,NEW_175201
300,10.03,2,67.1,0.7325,NEW_175201
301,10.06,2,99.2,0.7199,NEW_175201
302,10.09,1,0.0,0.7119,NEW_175201
303,10.13,1,0.0,0.7219,NEW_175201
304,10.16,2,64.5,0.7222,NEW_175201
305,10.19,1,0.0,0.7299,NEW_175201
306,10.23,2,56.5,0.7308,NEW_175201
307,10.26,1,0.0,0.7396,NEW_175201
308,10.3,2,52.4,0.7393,NEW_175201
309,10.33,2,49.6,0.7375,NEW_175201
310,10.36,2,72.3,0.7399,NEW_175201
311,10.4,2,74.7,0.7381,NEW_175201
312,10.43,3,96.3,0.735,NEW_175201
313,10.46,2,83.2,0.7344,NEW_175201
314,10.5,2,86.7,0.7346,NEW_175201
315,10.53,1,0.0,0.7371,NEW_175201
316,10.56,1,0.0,0.7344,NEW_175201
317,10.6,2,45.6,0.7139,NEW_175201
318,10.63,0,0.0,0.7098,NEW_175201
319,10.66,0,0.0,0.0,NEW_175201
320,10.7,0,0.0,0.0,NEW_175201
321,10.73,0,0.0,0.0,NEW_175201
322,10.76,1,0.0,0.714,NEW_175201
323,10.8,1,0.0,0.7224,NEW_175201
324,10.83,1,0.0,0.8698,NEW_175201
325,10.86,1,0.0,0.8744,NEW_175201
326,10.9,1,0.0,0.8759,NEW_175201
327,10.93,1,0.0,0.874,NEW_175201
328,10.96,1,0.0,0.8775,NEW_175201
329,11.0,1,0.0,0.8755,NEW_175201
330,11.03,1,0.0,0.8752,NEW_175201
331,11.06,1,0.0,0.8739,NEW_175201
332,11.1,1,0.0,0.8761,NEW_175201
333,11.13,1,0.0,0.7681,NEW_175201
334,11.16,2,83.0,0.7453,NEW_175201
335,11.2,2,82.8,0.7808,NEW_175201
336,11.23,2,81.9,0.8499,NEW_175201
337,11.26,1,0.0,0.8612,NEW_175201
338,11.3,1,0.0,0.8795,NEW_175201
339,11.33,1,0.0,0.8693,NEW_175201
340,11.36,1,0.0,0.8721,NEW_175201
341,11.4,2,46.8,0.8478,NEW_175201
342,11.43,2,45.7,0.8473,NEW_175201
343,11.47,3,77.1,0.8198,NEW_175201
344,11.5,3,76.3,0.8034,NEW_175201
345,11.53,3,75.9,0.7968,NEW_175201
346,11.57,3,76.1,0.7908,NEW_175201
347,11.6,4,106.3,0.7893,NEW_175201
348,11.63,3,75.9,0.7934,NEW_175201
349,11.67,4,109.9,0.7911,NEW_175201
350,11.7,4,111.9,0.7877,NEW_175201
351,11.73,4,114.2,0.7809,NEW_175201
352,11.77,3,80.0,0.7774,NEW_175201
353,11.8,3,81.4,0.7696,NEW_175201
354,11.83,3,83.2,0.7606,NEW_175201
355,11.87,2,39.2,0.7705,NEW_175201
356,11.9,2,39.0,0.7592,NEW_175201
357,11.93,2,39.3,0.7517,NEW_175201
358,11.97,2,39.1,0.744,NEW_175201
359,12.0,1,0.0,0.8665,NEW_175201
360,12.03,1,0.0,0.8688,NEW_175201
361,12.07,1,0.0,0.8647,NEW_175201
362,12.1,1,0.0,0.8737,NEW_175201
363,12.13,1,0.0,0.8669,NEW_175201
364,12.17,1,0.0,0.872,NEW_175201
365,12.2,1,0.0,0.8728,NEW_175201
366,12.23,1,0.0,0.86,NEW_175201
367,12.27,3,120.2,0.7224,NEW_175201
0,0.0,2,39.3,0.7739,NEW_175218
1,0.03,2,39.9,0.7718,NEW_175218
2,0.07,2,39.7,0.7688,NEW_175218
3,0.1,1,0.0,0.8683,NEW_175218
4,0.13,1,0.0,0.8701,NEW_175218
5,0.17,1,0.0,0.8671,NEW_175218
6,0.2,1,0.0,0.8745,NEW_175218
7,0.23,1,0.0,0.8744,NEW_175218
8,0.27,1,0.0,0.8735,NEW_175218
9,0.3,1,0.0,0.8616,NEW_175218
10,0.33,1,0.0,0.8553,NEW_175218
11,0.37,3,120.6,0.7363,NEW_175218
12,0.4,3,114.0,0.7378,NEW_175218
13,0.43,1,0.0,0.7296,NEW_175218
14,0.47,4,107.6,0.7356,NEW_175218
15,0.5,1,0.0,0.7163,NEW_175218
16,0.53,1,0.0,0.7339,NEW_175218
17,0.57,2,62.7,0.7446,NEW_175218
18,0.6,3,84.1,0.7392,NEW_175218
19,0.64,3,81.0,0.7459,NEW_175218
20,0.67,3,79.7,0.7473,NEW_175218
21,0.7,3,77.2,0.7558,NEW_175218
22,0.74,3,76.2,0.7498,NEW_175218
23,0.77,3,75.5,0.7532,NEW_175218
24,0.8,3,74.8,0.75,NEW_175218
25,0.84,1,0.0,0.7685,NEW_175218
26,0.87,3,75.4,0.7534,NEW_175218
27,0.9,3,76.6,0.7521,NEW_175218
28,0.94,3,77.9,0.7456,NEW_175218
29,0.97,3,80.2,0.7427,NEW_175218
30,1.0,1,0.0,0.7355,NEW_175218
31,1.04,1,0.0,0.7266,NEW_175218
32,1.07,0,0.0,0.7147,NEW_175218
33,1.1,0,0.0,0.0,NEW_175218
34,1.14,0,0.0,0.0,NEW_175218
35,1.17,1,0.0,0.7275,NEW_175218
36,1.2,1,0.0,0.7562,NEW_175218
37,1.24,1,0.0,0.8563,NEW_175218
38,1.27,1,0.0,0.8604,NEW_175218
39,1.3,1,0.0,0.8628,NEW_175218
40,1.34,1,0.0,0.8611,NEW_175218
41,1.37,1,0.0,0.8615,NEW_175218
42,1.4,1,0.0,0.8617,NEW_175218
43,1.44,1,0.0,0.8598,NEW_175218
44,1.47,1,0.0,0.861,NEW_175218
45,1.5,1,0.0,0.8608,NEW_175218
46,1.54,1,0.0,0.8356,NEW_175218
47,1.57,2,84.0,0.7527,NEW_175218
48,1.6,2,82.5,0.7925,NEW_175218
49,1.64,2,81.5,0.8295,NEW_175218
50,1.67,1,0.0,0.8405,NEW_175218
51,1.7,1,0.0,0.8433,NEW_175218
52,1.74,1,0.0,0.8405,NEW_175218
53,1.77,1,0.0,0.8404,NEW_175218
54,1.81,1,0.0,0.8371,NEW_175218
55,1.84,2,45.8,0.834,NEW_175218
56,1.87,3,78.0,0.8112,NEW_175218
57,1.91,3,77.0,0.8058,NEW_175218
58,1.94,3,76.4,0.8014,NEW_175218
59,1.97,4,106.8,0.7964,NEW_175218
60,2.01,4,106.9,0.7985,NEW_175218
61,2.04,4,107.6,0.7886,NEW_175218
62,2.07,5,112.0,0.7892,NEW_175218
63,2.11,4,111.6,0.79,NEW_175218
64,2.14,4,113.8,0.7928,NEW_175218
65,2.17,4,82.1,0.795,NEW_175218
66,2.21,3,81.8,0.7956,NEW_175218
67,2.24,3,83.6,0.7909,NEW_175218
68,2.27,2,40.0,0.7961,NEW_175218
69,2.31,2,40.3,0.7821,NEW_175218
70,2.34,2,40.1,0.7808,NEW_175218
71,2.37,2,39.8,0.7792,NEW_175218
72,2.41,2,39.2,0.8308,NEW_175218
73,2.44,1,0.0,0.8568,NEW_175218
74,2.47,1,0.0,0.8546,NEW_175218
75,2.51,1,0.0,0.8543,NEW_175218
76,2.54,1,0.0,0.8546,NEW_175218
77,2.57,1,0.0,0.8527,NEW_175218
78,2.61,1,0.0,0.8538,NEW_175218
79,2.64,1,0.0,0.8618,NEW_175218
80,2.67,2,74.5,0.7822,NEW_175218
81,2.71,2,70.8,0.7442,NEW_175218
82,2.74,2,68.6,0.7456,NEW_175218
83,2.77,2,108.6,0.7219,NEW_175218
84,2.81,3,105.4,0.7248,NEW_175218
85,2.84,1,0.0,0.7239,NEW_175218
86,2.87,1,0.0,0.7395,NEW_175218
87,2.91,1,0.0,0.7435,NEW_175218
88,2.94,3,89.3,0.7372,NEW_175218
89,2.97,3,88.5,0.7403,NEW_175218
90,3.01,2,61.7,0.7537,NEW_175218
91,3.04,2,52.0,0.753,NEW_175218
92,3.08,2,49.6,0.7506,NEW_175218
93,3.11,3,89.7,0.7542,NEW_175218
94,3.14,4,112.1,0.7453,NEW_175218
95,3.18,2,45.5,0.7544,NEW_175218
96,3.21,4,119.7,0.745,NEW_175218
97,3.24,3,76.8,0.7488,NEW_175218
98,3.28,2,44.1,0.7529,NEW_175218
99,3.31,2,43.9,0.7536,NEW_175218
100,3.34,1,0.0,0.75,NEW_175218
101,3.38,1,0.0,0.7353,NEW_175218
102,3.41,1,0.0,0.7225,NEW_175218
103,3.44,0,0.0,0.0,NEW_175218
104,3.48,0,0.0,0.0,NEW_175218
105,3.51,0,0.0,0.0,NEW_175218
106,3.54,1,0.0,0.7527,NEW_175218
107,3.58,1,0.0,0.8479,NEW_175218
108,3.61,1,0.0,0.8629,NEW_175218
109,3.64,1,0.0,0.8625,NEW_175218
110,3.68,1,0.0,0.8625,NEW_175218
111,3.71,1,0.0,0.8625,NEW_175218
112,3.74,1,0.0,0.8625,NEW_175218
113,3.78,1,0.0,0.8625,NEW_175218
114,3.81,1,0.0,0.8625,NEW_175218
115,3.84,1,0.0,0.8613,NEW_175218
116,3.88,1,0.0,0.8371,NEW_175218
117,3.91,2,83.6,0.762,NEW_175218
118,3.94,4,149.1,0.7642,NEW_175218
119,3.98,2,82.7,0.808,NEW_175218
120,4.01,2,56.2,0.8304,NEW_175218
121,4.04,1,0.0,0.8484,NEW_175218
122,4.08,1,0.0,0.8528,NEW_175218
123,4.11,1,0.0,0.8555,NEW_175218
124,4.14,1,0.0,0.8621,NEW_175218
125,4.18,2,68.8,0.8442,NEW_175218
126,4.21,3,77.9,0.8166,NEW_175218
127,4.25,3,76.8,0.8102,NEW_175218
128,4.28,4,80.8,0.8075,NEW_175218
129,4.31,3,76.3,0.8054,NEW_175218
130,4.35,5,110.6,0.7943,NEW_175218
131,4.38,5,111.5,0.7943,NEW_175218
132,4.41,5,112.4,0.7915,NEW_175218
133,4.45,4,110.8,0.7907,NEW_175218
134,4.48,5,115.5,0.7888,NEW_175218
135,4.51,4,115.8,0.79,NEW_175218
136,4.55,4,83.2,0.7897,NEW_175218
137,4.58,3,82.7,0.7971,NEW_175218
138,4.61,3,84.6,0.7851,NEW_175218
139,4.65,3,204.6,0.7809,NEW_175218
140,4.68,2,39.6,0.7869,NEW_175218
141,4.71,2,39.5,0.7819,NEW_175218
142,4.75,2,39.2,0.7648,NEW_175218
143,4.78,1,0.0,0.8591,NEW_175218
144,4.81,1,0.0,0.8594,NEW_175218
145,4.85,1,0.0,0.8598,NEW_175218
146,4.88,1,0.0,0.8535,NEW_175218
147,4.91,1,0.0,0.8558,NEW_175218
148,4.95,1,0.0,0.8581,NEW_175218
149,4.98,1,0.0,0.8524,NEW_175218
150,5.01,1,0.0,0.845,NEW_175218
151,5.05,3,120.1,0.7368,NEW_175218
152,5.08,3,113.9,0.7362,NEW_175218
153,5.11,3,125.5,0.7339,NEW_175218
154,5.15,3,109.6,0.731,NEW_175218
155,5.18,3,101.4,0.7184,NEW_175218
156,5.21,1,0.0,0.7418,NEW_175218
157,5.25,2,64.2,0.737,NEW_175218
158,5.28,2,64.2,0.7425,NEW_175218
159,5.31,2,58.3,0.7449,NEW_175218
160,5.35,3,87.4,0.7476,NEW_175218
161,5.38,4,107.0,0.7508,NEW_175218
162,5.42,4,107.4,0.7454,NEW_175218
163,5.45,2,64.3,0.7602,NEW_175218
164,5.48,4,111.4,0.7439,NEW_175218
165,5.52,2,45.8,0.7539,NEW_175218
166,5.55,5,119.5,0.74,NEW_175218
167,5.58,2,44.5,0.7473,NEW_175218
168,5.62,3,78.4,0.7415,NEW_175218
169,5.65,3,80.0,0.7419,NEW_175218
170,5.68,2,43.6,0.7349,NEW_175218
171,5.72,1,0.0,0.7454,NEW_175218
172,5.75,1,0.0,0.7355,NEW_175218
173,5.78,0,0.0,0.7294,NEW_175218
174,5.82,0,0.0,0.7176,NEW_175218
175,5.85,0,0.0,0.7176,NEW_175218
176,5.88,2,41.2,0.7408,NEW_175218
177,5.92,1,0.0,0.8066,NEW_175218
178,5.95,1,0.0,0.8636,NEW_175218
179,5.98,1,0.0,0.8617,NEW_175218
180,6.02,1,0.0,0.8804,NEW_175218
181,6.05,1,0.0,0.8772,NEW_175218
182,6.08,1,0.0,0.8791,NEW_175218
183,6.12,1,0.0,0.8793,NEW_175218
184,6.15,1,0.0,0.8807,NEW_175218
185,6.18,1,0.0,0.8742,NEW_175218
186,6.22,1,0.0,0.8759,NEW_175218
187,6.25,1,0.0,0.7721,NEW_175218
188,6.28,3,152.3,0.7753,NEW_175218
189,6.32,3,101.0,0.8063,NEW_175218
190,6.35,3,94.1,0.8423,NEW_175218
191,6.38,1,0.0,0.8646,NEW_175218
192,6.42,1,0.0,0.8669,NEW_175218
193,6.45,1,0.0,0.8649,NEW_175218
194,6.48,1,0.0,0.8528,NEW_175218
195,6.52,1,0.0,0.8596,NEW_175218
196,6.55,3,77.5,0.8187,NEW_175218
197,6.58,3,76.6,0.8122,NEW_175218
198,6.62,5,111.8,0.8009,NEW_175218
199,6.65,3,76.1,0.8004,NEW_175218
200,6.69,5,110.9,0.796,NEW_175218
201,6.72,5,110.9,0.7908,NEW_175218
202,6.75,5,111.8,0.7917,NEW_175218
203,6.79,5,113.3,0.79,NEW_175218
204,6.82,5,115.6,0.7862,NEW_175218
205,6.85,3,79.6,0.7978,NEW_175218
206,6.89,3,81.3,0.7957,NEW_175218
207,6.92,3,82.2,0.7885,NEW_175218
208,6.95,3,201.7,0.7908,NEW_175218
209,6.99,3,218.8,0.7826,NEW_175218
210,7.02,2,39.5,0.7741,NEW_175218
211,7.05,2,38.8,0.7716,NEW_175218
212,7.09,2,38.3,0.7743,NEW_175218
213,7.12,1,0.0,0.8485,NEW_175218
214,7.15,1,0.0,0.8446,NEW_175218
215,7.19,1,0.0,0.8446,NEW_175218
216,7.22,1,0.0,0.8505,NEW_175218
217,7.25,1,0.0,0.8501,NEW_175218
218,7.29,1,0.0,0.8506,NEW_175218
219,7.32,1,0.0,0.8573,NEW_175218
220,7.35,2,74.7,0.7799,NEW_175218
221,7.39,2,70.0,0.7496,NEW_175218
222,7.42,2,67.8,0.7474,NEW_175218
223,7.45,1,0.0,0.748,NEW_175218
224,7.49,2,101.1,0.7248,NEW_175218
225,7.52,1,0.0,0.7251,NEW_175218
226,7.55,1,0.0,0.7533,NEW_175218
227,7.59,2,64.6,0.7469,NEW_175218
228,7.62,1,0.0,0.7616,NEW_175218
229,7.65,3,87.5,0.7535,NEW_175218
230,7.69,3,86.4,0.7471,NEW_175218
231,7.72,3,86.3,0.7498,NEW_175218
232,7.75,3,88.0,0.7492,NEW_175218
233,7.79,3,89.0,0.7544,NEW_175218
234,7.82,3,92.0,0.7508,NEW_175218
235,7.86,3,95.7,0.7533,NEW_175218
236,7.89,3,100.3,0.7485,NEW_175218
237,7.92,2,44.0,0.7562,NEW_175218
238,7.96,1,0.0,0.7705,NEW_175218
239,7.99,1,0.0,0.7625,NEW_175218
240,8.02,1,0.0,0.7484,NEW_175218
241,8.06,1,0.0,0.7308,NEW_175218
242,8.09,0,0.0,0.715,NEW_175218
243,8.12,0,0.0,0.0,NEW_175218
244,8.16,0,0.0,0.0,NEW_175218
245,8.19,1,0.0,0.7281,NEW_175218
246,8.22,2,40.7,0.7325,NEW_175218
247,8.26,1,0.0,0.8589,NEW_175218
248,8.29,1,0.0,0.8572,NEW_175218
249,8.32,1,0.0,0.8585,NEW_175218
250,8.36,1,0.0,0.8658,NEW_175218
251,8.39,1,0.0,0.8597,NEW_175218
252,8.42,1,0.0,0.8637,NEW_175218
253,8.46,1,0.0,0.8652,NEW_175218
254,8.49,1,0.0,0.8676,NEW_175218
255,8.52,1,0.0,0.8623,NEW_175218
256,8.56,1,0.0,0.8296,NEW_175218
257,8.59,2,84.8,0.7599,NEW_175218
258,8.62,3,108.9,0.7914,NEW_175218
259,8.66,3,105.9,0.8082,NEW_175218
260,8.69,2,56.1,0.8468,NEW_175218
261,8.72,2,52.9,0.8425,NEW_175218
262,8.76,1,0.0,0.86,NEW_175218
263,8.79,2,47.8,0.8508,NEW_175218
264,8.82,1,0.0,0.8509,NEW_175218
265,8.86,2,45.8,0.8471,NEW_175218
266,8.89,3,77.7,0.8137,NEW_175218
267,8.92,3,76.5,0.8103,NEW_175218
268,8.96,3,76.2,0.811,NEW_175218
269,8.99,4,106.5,0.8032,NEW_175218
270,9.03,4,79.2,0.8006,NEW_175218
271,9.06,4,79.4,0.8014,NEW_175218
272,9.09,4,79.8,0.7989,NEW_175218
273,9.13,3,77.6,0.7962,NEW_175218
274,9.16,5,115.9,0.7924,NEW_175218
275,9.19,3,80.1,0.7997,NEW_175218
276,9.23,3,82.0,0.7956,NEW_175218
277,9.26,3,83.3,0.7862,NEW_175218
278,9.29,3,200.2,0.7717,NEW_175218
279,9.33,2,39.5,0.783,NEW_175218
280,9.36,2,39.2,0.7809,NEW_175218
281,9.39,2,39.7,0.7918,NEW_175218
282,9.43,2,38.9,0.8266,NEW_175218
283,9.46,1,0.0,0.8657,NEW_175218
284,9.49,1,0.0,0.8643,NEW_175218
285,9.53,1,0.0,0.8587,NEW_175218
286,9.56,1,0.0,0.8634,NEW_175218
287,9.59,1,0.0,0.867,NEW_175218
288,9.63,1,0.0,0.8635,NEW_175218
289,9.66,1,0.0,0.8648,NEW_175218
290,9.69,2,72.8,0.733,NEW_175218
291,9.73,3,115.8,0.731,NEW_175218
0,0.0,1,0.0,0.864,NEW_175232
1,0.03,1,0.0,0.8588,NEW_175232
2,0.07,1,0.0,0.8619,NEW_175232
3,0.1,1,0.0,0.8599,NEW_175232
4,0.13,1,0.0,0.8587,NEW_175232
5,0.17,2,72.8,0.8508,NEW_175232
6,0.2,2,71.0,0.7283,NEW_175232
7,0.23,2,68.4,0.7294,NEW_175232
8,0.27,2,115.6,0.7133,NEW_175232
9,0.3,2,103.7,0.7263,NEW_175232
10,0.33,1,0.0,0.7205,NEW_175232
11,0.37,0,0.0,0.0,NEW_175232
12,0.4,2,64.9,0.7325,NEW_175232
13,0.43,2,60.8,0.731,NEW_175232
14,0.47,2,57.8,0.733,NEW_175232
15,0.5,1,0.0,0.7466,NEW_175232
16,0.53,2,52.6,0.7393,NEW_175232
17,0.57,2,50.4,0.7489,NEW_175232
18,0.6,3,75.1,0.7372,NEW_175232
19,0.64,3,74.5,0.7413,NEW_175232
20,0.67,4,111.3,0.7384,NEW_175232
21,0.7,2,44.5,0.7439,NEW_175232
22,0.74,4,120.7,0.7377,NEW_175232
23,0.77,4,125.7,0.7372,NEW_175232
24,0.8,2,75.1,0.7462,NEW_175232
25,0.84,1,0.0,0.7454,NEW_175232
26,0.87,1,0.0,0.7322,NEW_175232
27,0.9,1,0.0,0.7339,NEW_175232
28,0.94,0,0.0,0.7373,NEW_175232
29,0.97,0,0.0,0.0,NEW_175232
30,1.0,0,0.0,0.0,NEW_175232
31,1.04,1,0.0,0.7348,NEW_175232
32,1.07,1,0.0,0.7373,NEW_175232
33,1.1,1,0.0,0.8661,NEW_175232
34,1.14,1,0.0,0.864,NEW_175232
35,1.17,1,0.0,0.867,NEW_175232
36,1.2,1,0.0,0.8683,NEW_175232
37,1.24,1,0.0,0.8701,NEW_175232
38,1.27,1,0.0,0.8649,NEW_175232
39,1.3,1,0.0,0.8665,NEW_175232
40,1.34,1,0.0,0.8576,NEW_175232
41,1.37,1,0.0,0.8594,NEW_175232
42,1.4,1,0.0,0.7496,NEW_175232
43,1.44,2,82.8,0.7536,NEW_175232
44,1.47,2,82.3,0.7808,NEW_175232
45,1.5,2,57.6,0.8392,NEW_175232
46,1.54,1,0.0,0.8585,NEW_175232
47,1.57,1,0.0,0.8642,NEW_175232
48,1.6,1,0.0,0.8605,NEW_175232
49,1.64,1,0.0,0.8602,NEW_175232
50,1.67,2,46.4,0.8497,NEW_175232
51,1.7,2,45.4,0.8309,NEW_175232
52,1.74,3,76.1,0.8216,NEW_175232
53,1.77,3,75.8,0.8109,NEW_175232
54,1.81,3,76.0,0.7973,NEW_175232
55,1.84,3,75.7,0.7954,NEW_175232
56,1.87,3,76.0,0.7948,NEW_175232
57,1.91,3,76.2,0.7991,NEW_175232
58,1.94,4,109.8,0.7883,NEW_175232
59,1.97,3,77.6,0.7929,NEW_175232
60,2.01,3,78.6,0.7862,NEW_175232
61,2.04,3,80.2,0.7861,NEW_175232
62,2.07,3,81.8,0.7807,NEW_175232
63,2.11,3,84.1,0.7751,NEW_175232
64,2.14,2,40.1,0.7785,NEW_175232
65,2.17,2,39.8,0.7718,NEW_175232
66,2.21,2,39.4,0.7665,NEW_175232
67,2.24,2,39.5,0.7593,NEW_175232
68,2.27,1,0.0,0.864,NEW_175232
69,2.31,1,0.0,0.8686,NEW_175232
70,2.34,1,0.0,0.8686,NEW_175232
71,2.37,1,0.0,0.8686,NEW_175232
72,2.41,1,0.0,0.8686,NEW_175232
73,2.44,1,0.0,0.8686,NEW_175232
74,2.47,1,0.0,0.8661,NEW_175232
75,2.51,1,0.0,0.8686,NEW_175232
76,2.54,2,72.0,0.7429,NEW_175232
77,2.57,2,69.6,0.7374,NEW_175232
78,2.61,2,68.0,0.725,NEW_175232
79,2.64,1,0.0,0.7265,NEW_175232
80,2.67,2,98.8,0.7239,NEW_175232
81,2.71,1,0.0,0.711,NEW_175232
82,2.74,1,0.0,0.728,NEW_175232
83,2.77,1,0.0,0.7442,NEW_175232
84,2.81,2,60.7,0.741,NEW_175232
85,2.84,4,107.1,0.7358,NEW_175232
86,2.87,3,86.3,0.7372,NEW_175232
87,2.91,2,51.8,0.7404,NEW_175232
88,2.94,3,87.3,0.7381,NEW_175232
89,2.97,4,109.9,0.7378,NEW_175232
90,3.01,4,111.1,0.7359,NEW_175232
91,3.04,4,115.9,0.7388,NEW_175232
92,3.08,3,101.3,0.7442,NEW_175232
93,3.11,4,124.9,0.7342,NEW_175232
94,3.14,3,77.9,0.7396,NEW_175232
95,3.18,2,76.9,0.7444,NEW_175232
96,3.21,1,0.0,0.7432,NEW_175232
97,3.24,1,0.0,0.7303,NEW_175232
98,3.28,0,0.0,0.7235,NEW_175232
99,3.31,0,0.0,0.7098,NEW_175232
100,3.34,0,0.0,0.7098,NEW_175232
101,3.38,1,0.0,0.7343,NEW_175232
102,3.41,2,41.1,0.7388,NEW_175232
103,3.44,1,0.0,0.8646,NEW_175232
104,3.48,1,0.0,0.868,NEW_175232
105,3.51,1,0.0,0.8629,NEW_175232
106,3.54,1,0.0,0.8639,NEW_175232
107,3.58,1,0.0,0.8627,NEW_175232
108,3.61,1,0.0,0.8603,NEW_175232
109,3.64,1,0.0,0.8623,NEW_175232
110,3.68,1,0.0,0.8611,NEW_175232
111,3.71,1,0.0,0.8595,NEW_175232
112,3.74,1,0.0,0.7724,NEW_175232
113,3.78,2,86.8,0.771,NEW_175232
114,3.81,1,0.0,0.819,NEW_175232
115,3.84,1,0.0,0.8604,NEW_175232
116,3.88,2,55.2,0.8334,NEW_175232
117,3.91,1,0.0,0.8601,NEW_175232
118,3.94,1,0.0,0.8581,NEW_175232
119,3.98,1,0.0,0.8617,NEW_175232
120,4.01,2,46.0,0.8526,NEW_175232
121,4.04,3,78.3,0.8211,NEW_175232
122,4.08,3,78.2,0.8258,NEW_175232
123,4.11,3,76.4,0.8074,NEW_175232
124,4.14,3,75.8,0.7938,NEW_175232
125,4.18,3,75.9,0.7928,NEW_175232
126,4.21,3,76.3,0.7939,NEW_175232
127,4.25,3,76.2,0.7973,NEW_175232
128,4.28,3,76.9,0.7973,NEW_175232
129,4.31,3,77.5,0.793,NEW_175232
130,4.35,3,78.6,0.7932,NEW_175232
131,4.38,3,80.3,0.789,NEW_175232
132,4.41,3,82.0,0.7818,NEW_175232
133,4.45,3,83.2,0.7756,NEW_175232
134,4.48,2,40.0,0.782,NEW_175232
135,4.51,2,40.0,0.7732,NEW_175232
136,4.55,2,39.6,0.7552,NEW_175232
137,4.58,2,39.2,0.7552,NEW_175232
138,4.61,1,0.0,0.8503,NEW_175232
139,4.65,1,0.0,0.848,NEW_175232
140,4.68,1,0.0,0.8489,NEW_175232
141,4.71,1,0.0,0.8511,NEW_175232
142,4.75,1,0.0,0.8495,NEW_175232
143,4.78,1,0.0,0.8491,NEW_175232
144,4.81,1,0.0,0.8504,NEW_175232
145,4.85,1,0.0,0.8507,NEW_175232
146,4.88,2,71.7,0.7396,NEW_175232
147,4.91,2,69.2,0.7413,NEW_175232
148,4.95,2,119.5,0.7128,NEW_175232
149,4.98,2,107.0,0.7243,NEW_175232
150,5.01,2,100.6,0.7192,NEW_175232
151,5.05,1,0.0,0.7102,NEW_175232
152,5.08,1,0.0,0.7176,NEW_175232
153,5.11,2,64.3,0.723,NEW_175232
154,5.15,1,0.0,0.741,NEW_175232
155,5.18,2,57.0,0.7415,NEW_175232
156,5.21,2,54.6,0.7434,NEW_175232
157,5.25,4,107.6,0.7376,NEW_175232
158,5.28,2,49.5,0.7468,NEW_175232
159,5.31,4,109.9,0.7425,NEW_175232
160,5.35,3,74.7,0.745,NEW_175232
161,5.38,4,115.3,0.7393,NEW_175232
162,5.42,3,100.5,0.7414,NEW_175232
163,5.45,4,125.3,0.7417,NEW_175232
164,5.48,3,113.2,0.7367,NEW_175232
165,5.52,2,43.6,0.7328,NEW_175232
166,5.55,2,45.2,0.7237,NEW_175232
167,5.58,1,0.0,0.7223,NEW_175232
168,5.62,1,0.0,0.7169,NEW_175232
169,5.65,0,0.0,0.0,NEW_175232
170,5.68,0,0.0,0.0,NEW_175232
171,5.72,1,0.0,0.7261,NEW_175232
172,5.75,2,40.2,0.7296,NEW_175232
173,5.78,1,0.0,0.8598,NEW_175232
174,5.82,1,0.0,0.8563,NEW_175232
175,5.85,1,0.0,0.8559,NEW_175232
176,5.88,1,0.0,0.8546,NEW_175232
177,5.92,1,0.0,0.855,NEW_175232
178,5.95,1,0.0,0.8506,NEW_175232
179,5.98,1,0.0,0.8534,NEW_175232
180,6.02,1,0.0,0.8534,NEW_175232
181,6.05,1,0.0,0.8709,NEW_175232
182,6.08,1,0.0,0.82,NEW_175232
183,6.12,2,83.9,0.7554,NEW_175232
184,6.15,2,83.3,0.7908,NEW_175232
185,6.18,2,82.7,0.8237,NEW_175232
186,6.22,2,56.0,0.8393,NEW_175232
187,6.25,2,51.8,0.842,NEW_175232
188,6.28,2,49.3,0.8446,NEW_175232
189,6.32,2,48.0,0.8462,NEW_175232
190,6.35,2,46.5,0.8428,NEW_175232
191,6.38,3,79.0,0.8219,NEW_175232
192,6.42,3,77.6,0.8225,NEW_175232
193,6.45,3,76.6,0.8068,NEW_175232
194,6.48,3,76.7,0.8,NEW_175232
195,6.52,3,76.3,0.8016,NEW_175232
196,6.55,3,76.3,0.7954,NEW_175232
197,6.58,3,76.2,0.7974,NEW_175232
198,6.62,3,76.4,0.7956,NEW_175232
199,6.65,3,77.3,0.7969,NEW_175232
200,6.69,3,78.0,0.7946,NEW_175232
201,6.72,3,79.9,0.7918,NEW_175232
202,6.75,3,81.1,0.7888,NEW_175232
203,6.79,3,83.2,0.7763,NEW_175232
204,6.82,2,39.6,0.7791,NEW_175232
205,6.85,2,39.3,0.7745,NEW_175232
206,6.89,2,39.4,0.7697,NEW_175232
207,6.92,2,39.0,0.7575,NEW_175232
208,6.95,2,39.2,0.8532,NEW_175232
209,6.99,1,0.0,0.8666,NEW_175232
210,7.02,1,0.0,0.8631,NEW_175232
211,7.05,1,0.0,0.8665,NEW_175232
212,7.09,1,0.0,0.8646,NEW_175232
213,7.12,1,0.0,0.8671,NEW_175232
214,7.15,1,0.0,0.8674,NEW_175232
215,7.19,1,0.0,0.8659,NEW_175232
216,7.22,3,122.1,0.7342,NEW_175232
217,7.25,3,115.0,0.7389,NEW_175232
218,7.29,2,67.8,0.7198,NEW_175232
219,7.32,1,0.0,0.7447,NEW_175232
220,7.35,2,101.9,0.7212,NEW_175232
221,7.39,1,0.0,0.7144,NEW_175232
222,7.42,1,0.0,0.7283,NEW_175232
223,7.45,1,0.0,0.7424,NEW_175232
224,7.49,2,59.7,0.7359,NEW_175232
225,7.52,2,55.9,0.7428,NEW_175232
226,7.55,1,0.0,0.7563,NEW_175232
227,7.59,3,87.6,0.7468,NEW_175232
228,7.62,2,49.0,0.7458,NEW_175232
229,7.65,3,90.8,0.7442,NEW_175232
230,7.69,4,111.8,0.7408,NEW_175232
231,7.72,3,96.6,0.7494,NEW_175232
232,7.75,3,101.4,0.7403,NEW_175232
233,7.79,3,107.2,0.7403,NEW_175232
234,7.82,2,43.5,0.7395,NEW_175232
235,7.86,2,43.2,0.7371,NEW_175232
236,7.89,2,45.3,0.728,NEW_175232
237,7.92,1,0.0,0.7261,NEW_175232
238,7.96,0,0.0,0.0,NEW_175232
239,7.99,0,0.0,0.0,NEW_175232
240,8.02,0,0.0,0.0,NEW_175232
241,8.06,1,0.0,0.7206,NEW_175232
242,8.09,1,0.0,0.7311,NEW_175232
243,8.12,1,0.0,0.8537,NEW_175232
244,8.16,1,0.0,0.866,NEW_175232
245,8.19,1,0.0,0.8696,NEW_175232
246,8.22,1,0.0,0.8667,NEW_175232
247,8.26,1,0.0,0.8657,NEW_175232
248,8.29,1,0.0,0.8669,NEW_175232
249,8.32,1,0.0,0.8679,NEW_175232
250,8.36,1,0.0,0.8672,NEW_175232
251,8.39,1,0.0,0.8704,NEW_175232
252,8.42,1,0.0,0.8128,NEW_175232
253,8.46,2,86.7,0.7413,NEW_175232
254,8.49,2,85.1,0.7754,NEW_175232
255,8.52,3,100.1,0.8224,NEW_175232
256,8.56,2,56.0,0.8308,NEW_175232
257,8.59,2,51.8,0.8292,NEW_175232
258,8.62,2,49.5,0.8372,NEW_175232
259,8.66,2,48.0,0.8339,NEW_175232
260,8.69,2,45.9,0.8317,NEW_175232
261,8.72,2,45.6,0.8308,NEW_175232
262,8.76,3,76.7,0.8201,NEW_175232
263,8.79,4,106.7,0.8001,NEW_175232
264,8.82,3,76.2,0.7958,NEW_175232
265,8.86,4,106.7,0.7915,NEW_175232
266,8.89,4,107.5,0.7883,NEW_175232
267,8.92,4,108.2,0.7909,NEW_175232
268,8.96,4,110.3,0.7872,NEW_175232
269,8.99,4,110.6,0.7876,NEW_175232
270,9.03,4,112.6,0.7859,NEW_175232
271,9.06,3,79.5,0.7859,NEW_175232
272,9.09,3,80.6,0.7821,NEW_175232
273,9.13,3,82.7,0.776,NEW_175232
274,9.16,3,85.1,0.7794,NEW_175232
275,9.19,2,38.9,0.7795,NEW_175232
276,9.23,2,38.4,0.7666,NEW_175232
277,9.26,2,38.4,0.759,NEW_175232
278,9.29,2,38.7,0.8234,NEW_175232
279,9.33,1,0.0,0.859,NEW_175232
280,9.36,1,0.0,0.8596,NEW_175232
281,9.39,1,0.0,0.8585,NEW_175232
282,9.43,1,0.0,0.8565,NEW_175232
283,9.46,1,0.0,0.8579,NEW_175232
284,9.49,1,0.0,0.8553,NEW_175232
285,9.53,1,0.0,0.8563,NEW_175232
286,9.56,3,123.3,0.7423,NEW_175232
287,9.59,3,117.3,0.7307,NEW_175232
288,9.63,4,146.4,0.7191,NEW_175232
289,9.66,2,106.6,0.7229,NEW_175232
290,9.69,3,106.2,0.7185,NEW_175232
291,9.73,1,0.0,0.7173,NEW_175232
292,9.76,1,0.0,0.7234,NEW_175232
293,9.79,1,0.0,0.7387,NEW_175232
294,9.83,2,65.2,0.741,NEW_175232
295,9.86,3,87.0,0.7319,NEW_175232
296,9.89,3,86.2,0.7331,NEW_175232
297,9.93,3,86.0,0.7403,NEW_175232
298,9.96,3,88.3,0.7398,NEW_175232
299,9.99,3,88.7,0.7396,NEW_175232
300,10.03,3,92.0,0.7374,NEW_175232
301,10.06,4,113.0,0.7365,NEW_175232
302,10.09,3,98.1,0.7407,NEW_175232
303,10.13,3,103.0,0.7372,NEW_175232
304,10.16,2,43.9,0.7374,NEW_175232
305,10.19,2,43.9,0.7312,NEW_175232
306,10.23,2,44.9,0.7275,NEW_175232
307,10.26,1,0.0,0.7345,NEW_175232
308,10.3,0,0.0,0.7242,NEW_175232
309,10.33,0,0.0,0.0,NEW_175232
310,10.36,0,0.0,0.0,NEW_175232
311,10.4,1,0.0,0.7283,NEW_175232
312,10.43,1,0.0,0.7348,NEW_175232
313,10.46,1,0.0,0.8577,NEW_175232
314,10.5,1,0.0,0.877,NEW_175232
315,10.53,1,0.0,0.8679,NEW_175232
316,10.56,1,0.0,0.8654,NEW_175232
317,10.6,1,0.0,0.8641,NEW_175232
318,10.63,1,0.0,0.8646,NEW_175232
319,10.66,1,0.0,0.8629,NEW_175232
320,10.7,1,0.0,0.8622,NEW_175232
321,10.73,1,0.0,0.8554,NEW_175232
322,10.76,1,0.0,0.8549,NEW_175232
323,10.8,2,84.2,0.7351,NEW_175232
324,10.83,2,83.6,0.7791,NEW_175232
325,10.86,2,82.7,0.8441,NEW_175232
326,10.9,1,0.0,0.8504,NEW_175232
327,10.93,1,0.0,0.8646,NEW_175232
328,10.96,1,0.0,0.8666,NEW_175232
329,11.0,2,48.5,0.8585,NEW_175232
330,11.03,2,47.4,0.8588,NEW_175232
331,11.06,2,45.4,0.843,NEW_175232
332,11.1,2,44.7,0.8357,NEW_175232
333,11.13,3,76.0,0.8255,NEW_175232
334,11.16,3,75.9,0.8005,NEW_175232
